26.01.2026 - 13:50:49 - [TAB v5.5.0] Blocked attempt to add player gurusekar into team collideRule_-159 (expected team: 7gurusekarA). Source of the team: Paper. To fix this, set "enable-player-collisions: true" in paper config. To keep collisions disabled, set collision to false in TAB config.
26.01.2026 - 13:58:37 - [TAB v5.5.0] Blocked attempt to add player gurusekar into team collideRule_-237 (expected team: 7gurusekarA). Source of the team: Paper. To fix this, set "enable-player-collisions: true" in paper config. To keep collisions disabled, set collision to false in TAB config.
26.01.2026 - 13:59:50 - [TAB v5.5.0] Blocked attempt to add player gurusekar into team collideRule_-158 (expected team: 7gurusekarA). Source of the team: Paper. To fix this, set "enable-player-collisions: true" in paper config. To keep collisions disabled, set collision to false in TAB config.
26.01.2026 - 14:15:46 - [TAB v5.5.0] Blocked attempt to add player EvPkCaptain into team collideRule_-158 (expected team: 7EvPkCaptainA). Source of the team: Paper. To fix this, set "enable-player-collisions: true" in paper config. To keep collisions disabled, set collision to false in TAB config.
26.01.2026 - 16:13:05 - [TAB v5.5.0] Blocked attempt to add player Robloxking8 into team collideRule_-148 (expected team: 6Robloxking8A). Source of the team: Paper. To fix this, set "enable-player-collisions: true" in paper config. To keep collisions disabled, set collision to false in TAB config.
27.01.2026 - 08:05:39 - [TAB v5.5.0] Blocked attempt to add player EvPkCaptain into team collideRule_9614 (expected team: 7EvPkCaptainA). Source of the team: Paper. To fix this, set "enable-player-collisions: true" in paper config. To keep collisions disabled, set collision to false in TAB config.
27.01.2026 - 14:50:12 - [TAB v5.5.0] Blocked attempt to add player gurusekar into team collideRule_1486 (expected team: 7gurusekarA). Source of the team: Paper. To fix this, set "enable-player-collisions: true" in paper config. To keep collisions disabled, set collision to false in TAB config.
27.01.2026 - 14:50:38 - [TAB v5.5.0] Blocked attempt to add player ddspeedyfox into team collideRule_1486 (expected team: 6ddspeedyfoxA). Source of the team: Paper. To fix this, set "enable-player-collisions: true" in paper config. To keep collisions disabled, set collision to false in TAB config.
27.01.2026 - 15:28:12 - [TAB v5.5.0] Blocked attempt to add player Sofuseren into team collideRule_1486 (expected team: 6SofuserenA). Source of the team: Paper. To fix this, set "enable-player-collisions: true" in paper config. To keep collisions disabled, set collision to false in TAB config.
29.01.2026 - 14:19:23 - [TAB v5.5.0] Blocked attempt to add player gurusekar into team collideRule_8573 (expected team: 7gurusekarA). Source of the team: Paper. To fix this, set "enable-player-collisions: true" in paper config. To keep collisions disabled, set collision to false in TAB config.
29.01.2026 - 14:57:08 - [TAB v5.5.0] Blocked attempt to add player gurusekar into team collideRule_1231 (expected team: 7gurusekarA). Source of the team: Paper. To fix this, set "enable-player-collisions: true" in paper config. To keep collisions disabled, set collision to false in TAB config.
30.01.2026 - 05:59:58 - [TAB v5.5.0] Blocked attempt to add player gurusekar into team collideRule_1917 (expected team: 7gurusekarA). Source of the team: Paper. To fix this, set "enable-player-collisions: true" in paper config. To keep collisions disabled, set collision to false in TAB config.
30.01.2026 - 06:00:00 - [TAB v5.5.0] Blocked attempt to add player EvPkCaptain into team collideRule_1917 (expected team: 7EvPkCaptainA). Source of the team: Paper. To fix this, set "enable-player-collisions: true" in paper config. To keep collisions disabled, set collision to false in TAB config.
30.01.2026 - 14:05:33 - [TAB v5.5.0] Blocked attempt to add player gurusekar into team collideRule_2114 (expected team: 7gurusekarA). Source of the team: Paper. To fix this, set "enable-player-collisions: true" in paper config. To keep collisions disabled, set collision to false in TAB config.
30.01.2026 - 14:06:00 - [TAB v5.5.0] Blocked attempt to add player EvPkCaptain into team collideRule_2114 (expected team: 7EvPkCaptainA). Source of the team: Paper. To fix this, set "enable-player-collisions: true" in paper config. To keep collisions disabled, set collision to false in TAB config.
30.01.2026 - 14:55:42 - [TAB v5.5.0] Blocked attempt to add player Nightmare41241 into team collideRule_2114 (expected team: 7Nightmare41241A). Source of the team: Paper. To fix this, set "enable-player-collisions: true" in paper config. To keep collisions disabled, set collision to false in TAB config.
31.01.2026 - 01:37:47 - [TAB v5.5.0] Blocked attempt to add player gurusekar into team collideRule_-183 (expected team: 7gurusekarA). Source of the team: Paper. To fix this, set "enable-player-collisions: true" in paper config. To keep collisions disabled, set collision to false in TAB config.
31.01.2026 - 02:41:29 - [TAB v5.5.0] Blocked attempt to add player gurusekar into team collideRule_-104 (expected team: 7gurusekarA). Source of the team: Paper. To fix this, set "enable-player-collisions: true" in paper config. To keep collisions disabled, set collision to false in TAB config.
01.02.2026 - 02:53:40 - [TAB v5.5.0] Blocked attempt to add player gurusekar into team collideRule_-169 (expected team: 7gurusekarA). Source of the team: Paper. To fix this, set "enable-player-collisions: true" in paper config. To keep collisions disabled, set collision to false in TAB config.
01.02.2026 - 15:35:35 - [TAB v5.5.0] Blocked attempt to add player gurusekar into team collideRule_-464 (expected team: 7gurusekarA). Source of the team: Paper. To fix this, set "enable-player-collisions: true" in paper config. To keep collisions disabled, set collision to false in TAB config.
02.02.2026 - 04:25:45 - [TAB v5.5.0] Blocked attempt to add player gurusekar into team collideRule_-165 (expected team: 7gurusekarA). Source of the team: Paper. To fix this, set "enable-player-collisions: true" in paper config. To keep collisions disabled, set collision to false in TAB config.
02.02.2026 - 04:27:06 - [TAB v5.5.0] Blocked attempt to add player Dream243447 into team collideRule_-165 (expected team: 6Dream243447A). Source of the team: Paper. To fix this, set "enable-player-collisions: true" in paper config. To keep collisions disabled, set collision to false in TAB config.
02.02.2026 - 05:22:34 - [TAB v5.5.0] Blocked attempt to add player Dream243447 into team collideRule_5099 (expected team: 7Dream243447A). Source of the team: Paper. To fix this, set "enable-player-collisions: true" in paper config. To keep collisions disabled, set collision to false in TAB config.
05.02.2026 - 14:33:03 - [TAB v5.5.0] Blocked attempt to add player gurusekar into team collideRule_-184 (expected team: 7gurusekarA). Source of the team: Paper. To fix this, set "enable-player-collisions: true" in paper config. To keep collisions disabled, set collision to false in TAB config.
05.02.2026 - 14:36:15 - [TAB v5.5.0] Blocked attempt to add player HiBloxSterYt into team collideRule_-184 (expected team: 6HiBloxSterYtA). Source of the team: Paper. To fix this, set "enable-player-collisions: true" in paper config. To keep collisions disabled, set collision to false in TAB config.
05.02.2026 - 14:53:13 - [TAB v5.5.0] Blocked attempt to add player EvPkCaptain into team collideRule_-184 (expected team: 7EvPkCaptainA). Source of the team: Paper. To fix this, set "enable-player-collisions: true" in paper config. To keep collisions disabled, set collision to false in TAB config.
05.02.2026 - 15:10:52 - [TAB v5.5.0] Blocked attempt to add player Willabuilder2 into team collideRule_-184 (expected team: 6Willabuilder2A). Source of the team: Paper. To fix this, set "enable-player-collisions: true" in paper config. To keep collisions disabled, set collision to false in TAB config.
09.02.2026 - 07:03:04 - [TAB v5.5.0] Blocked attempt to add player Shinnosukke into team collideRule_1417 (expected team: 6ShinnosukkeA). Source of the team: Paper. To fix this, set "enable-player-collisions: true" in paper config. To keep collisions disabled, set collision to false in TAB config.
12.02.2026 - 19:27:27 - [TAB v5.5.0] Blocked attempt to add player UnrealMc_ into team collideRule_1167 (expected team: 7UnrealMc_A). Source of the team: Paper. To fix this, set "enable-player-collisions: true" in paper config. To keep collisions disabled, set collision to false in TAB config.
23.03.2026 - 14:52:11 - [TAB v5.5.0] Blocked attempt to add player gurusekar into team collideRule_-382 (expected team: 7gurusekarA). Source of the team: Paper. To fix this, set "enable-player-collisions: true" in paper config. To keep collisions disabled, set collision to false in TAB config.
23.03.2026 - 15:10:09 - [TAB v5.5.0] Blocked attempt to add player AnthonyStarr into team collideRule_-382 (expected team: 6AnthonyStarrA). Source of the team: Paper. To fix this, set "enable-player-collisions: true" in paper config. To keep collisions disabled, set collision to false in TAB config.
23.03.2026 - 15:38:09 - [TAB v5.5.0] Blocked attempt to add player gurusekar into team collideRule_7567 (expected team: 7gurusekarA). Source of the team: Paper. To fix this, set "enable-player-collisions: true" in paper config. To keep collisions disabled, set collision to false in TAB config.
24.03.2026 - 11:34:06 - [TAB v5.5.0] Blocked attempt to add player gurusekar into team collideRule_9931 (expected team: 7gurusekarA). Source of the team: Paper. To fix this, set "enable-player-collisions: true" in paper config. To keep collisions disabled, set collision to false in TAB config.
24.03.2026 - 15:00:32 - [TAB v5.5.0] Blocked attempt to add player gurusekar into team collideRule_-819 (expected team: 7gurusekarA). Source of the team: Paper. To fix this, set "enable-player-collisions: true" in paper config. To keep collisions disabled, set collision to false in TAB config.
24.03.2026 - 15:29:56 - [TAB v5.5.0] Blocked attempt to add player AnthonyStarr into team collideRule_-819 (expected team: 7AnthonyStarrA). Source of the team: Paper. To fix this, set "enable-player-collisions: true" in paper config. To keep collisions disabled, set collision to false in TAB config.
24.03.2026 - 15:34:56 - [TAB v5.5.0] Blocked attempt to add player ddspeedyfox into team collideRule_-819 (expected team: 7ddspeedyfoxA). Source of the team: Paper. To fix this, set "enable-player-collisions: true" in paper config. To keep collisions disabled, set collision to false in TAB config.
25.03.2026 - 10:42:38 - [TAB v5.5.0] Blocked attempt to add player gurusekar into team collideRule_1697 (expected team: 7gurusekarA). Source of the team: Paper. To fix this, set "enable-player-collisions: true" in paper config. To keep collisions disabled, set collision to false in TAB config.
25.03.2026 - 12:08:17 - [TAB v5.5.0] Blocked attempt to add player gurusekar into team collideRule_1704 (expected team: 6gurusekarA). Source of the team: Paper. To fix this, set "enable-player-collisions: true" in paper config. To keep collisions disabled, set collision to false in TAB config.
25.03.2026 - 14:59:38 - [TAB v5.5.0] Blocked attempt to add player AnthonyStarr into team collideRule_1787 (expected team: 7AnthonyStarrA). Source of the team: Paper. To fix this, set "enable-player-collisions: true" in paper config. To keep collisions disabled, set collision to false in TAB config.
25.03.2026 - 14:59:48 - [TAB v5.5.0] Blocked attempt to add player gurusekar into team collideRule_1787 (expected team: 6gurusekarA). Source of the team: Paper. To fix this, set "enable-player-collisions: true" in paper config. To keep collisions disabled, set collision to false in TAB config.
25.03.2026 - 15:02:51 - [TAB v5.5.0] Blocked attempt to add player LouisXVII into team collideRule_1787 (expected team: 6LouisXVIIA). Source of the team: Paper. To fix this, set "enable-player-collisions: true" in paper config. To keep collisions disabled, set collision to false in TAB config.
25.03.2026 - 15:34:02 - [TAB v5.5.0] Blocked attempt to add player ddspeedyfox into team collideRule_1787 (expected team: 7ddspeedyfoxA). Source of the team: Paper. To fix this, set "enable-player-collisions: true" in paper config. To keep collisions disabled, set collision to false in TAB config.
25.03.2026 - 15:38:37 - [TAB v5.5.0] Blocked attempt to add player Robloxking8 into team collideRule_1787 (expected team: 6Robloxking8A). Source of the team: Paper. To fix this, set "enable-player-collisions: true" in paper config. To keep collisions disabled, set collision to false in TAB config.
26.03.2026 - 10:44:54 - [TAB v5.5.0] Blocked attempt to add player gurusekar into team collideRule_2022 (expected team: 6gurusekarA). Source of the team: Paper. To fix this, set "enable-player-collisions: true" in paper config. To keep collisions disabled, set collision to false in TAB config.
26.03.2026 - 11:31:52 - [TAB v5.5.0] Blocked attempt to add player gurusekar into team collideRule_-208 (expected team: 6gurusekarA). Source of the team: Paper. To fix this, set "enable-player-collisions: true" in paper config. To keep collisions disabled, set collision to false in TAB config.
26.03.2026 - 11:38:32 - [TAB v5.5.0] Blocked attempt to add player gurusekar into team collideRule_1024 (expected team: 6gurusekarA). Source of the team: Paper. To fix this, set "enable-player-collisions: true" in paper config. To keep collisions disabled, set collision to false in TAB config.
26.03.2026 - 14:48:09 - [TAB v5.5.0] Blocked attempt to add player gurusekar into team collideRule_1399 (expected team: 6gurusekarA). Source of the team: Paper. To fix this, set "enable-player-collisions: true" in paper config. To keep collisions disabled, set collision to false in TAB config.
26.03.2026 - 14:48:49 - [TAB v5.5.0] Blocked attempt to add player AnthonyStarr into team collideRule_1399 (expected team: 6AnthonyStarrA). Source of the team: Paper. To fix this, set "enable-player-collisions: true" in paper config. To keep collisions disabled, set collision to false in TAB config.
27.03.2026 - 10:43:20 - [TAB v5.5.0] Blocked attempt to add player gurusekar into team collideRule_-146 (expected team: 6gurusekarA). Source of the team: Paper. To fix this, set "enable-player-collisions: true" in paper config. To keep collisions disabled, set collision to false in TAB config.
27.03.2026 - 14:54:41 - [TAB v5.5.0] Blocked attempt to add player gurusekar into team collideRule_-105 (expected team: 6gurusekarA). Source of the team: Paper. To fix this, set "enable-player-collisions: true" in paper config. To keep collisions disabled, set collision to false in TAB config.
27.03.2026 - 15:08:08 - [TAB v5.5.0] Blocked attempt to add player Nightmare41241 into team collideRule_-105 (expected team: 7Nightmare41241A). Source of the team: Paper. To fix this, set "enable-player-collisions: true" in paper config. To keep collisions disabled, set collision to false in TAB config.
27.03.2026 - 15:10:21 - [TAB v5.5.0] Blocked attempt to add player HiBloxSterYt into team collideRule_-105 (expected team: 7HiBloxSterYtA). Source of the team: Paper. To fix this, set "enable-player-collisions: true" in paper config. To keep collisions disabled, set collision to false in TAB config.
28.03.2026 - 01:25:56 - [TAB v5.5.0] Blocked attempt to add player gurusekar into team collideRule_1467 (expected team: 6gurusekarA). Source of the team: Paper. To fix this, set "enable-player-collisions: true" in paper config. To keep collisions disabled, set collision to false in TAB config.
28.03.2026 - 06:41:23 - [TAB v5.5.0] Blocked attempt to add player gurusekar into team collideRule_2066 (expected team: 6gurusekarA). Source of the team: Paper. To fix this, set "enable-player-collisions: true" in paper config. To keep collisions disabled, set collision to false in TAB config.
28.03.2026 - 07:04:30 - [TAB v5.5.0] Blocked attempt to add player LouisXVII into team collideRule_2066 (expected team: 7LouisXVIIA). Source of the team: Paper. To fix this, set "enable-player-collisions: true" in paper config. To keep collisions disabled, set collision to false in TAB config.
28.03.2026 - 07:24:31 - [TAB v5.5.0] Blocked attempt to add player gurusekar into team collideRule_-125 (expected team: 6gurusekarA). Source of the team: Paper. To fix this, set "enable-player-collisions: true" in paper config. To keep collisions disabled, set collision to false in TAB config.
28.03.2026 - 07:24:46 - [TAB v5.5.0] Blocked attempt to add player Nightmare41241 into team collideRule_-125 (expected team: 7Nightmare41241A). Source of the team: Paper. To fix this, set "enable-player-collisions: true" in paper config. To keep collisions disabled, set collision to false in TAB config.
28.03.2026 - 07:24:56 - [TAB v5.5.0] Blocked attempt to add player LouisXVII into team collideRule_-125 (expected team: 7LouisXVIIA). Source of the team: Paper. To fix this, set "enable-player-collisions: true" in paper config. To keep collisions disabled, set collision to false in TAB config.
28.03.2026 - 07:26:42 - [TAB v5.5.0] Blocked attempt to add player Firetag121026 into team collideRule_-125 (expected team: 6Firetag121026A). Source of the team: Paper. To fix this, set "enable-player-collisions: true" in paper config. To keep collisions disabled, set collision to false in TAB config.
28.03.2026 - 13:24:47 - [TAB v5.5.0] Blocked attempt to add player Nightmare41241 into team collideRule_1200 (expected team: 7Nightmare41241A). Source of the team: Paper. To fix this, set "enable-player-collisions: true" in paper config. To keep collisions disabled, set collision to false in TAB config.
28.03.2026 - 14:52:51 - [TAB v5.5.0] Blocked attempt to add player gurusekar into team collideRule_1087 (expected team: 6gurusekarA). Source of the team: Paper. To fix this, set "enable-player-collisions: true" in paper config. To keep collisions disabled, set collision to false in TAB config.
28.03.2026 - 15:12:22 - [TAB v5.5.0] Blocked attempt to add player LouisXVII into team collideRule_1087 (expected team: 6LouisXVIIA). Source of the team: Paper. To fix this, set "enable-player-collisions: true" in paper config. To keep collisions disabled, set collision to false in TAB config.
29.03.2026 - 01:29:37 - [TAB v5.5.0] Blocked attempt to add player gurusekar into team collideRule_1202 (expected team: 7gurusekarA). Source of the team: Paper. To fix this, set "enable-player-collisions: true" in paper config. To keep collisions disabled, set collision to false in TAB config.
29.03.2026 - 01:48:05 - [TAB v5.5.0] Blocked attempt to add player Liamskeeper into team collideRule_1202 (expected team: 6LiamskeeperA). Source of the team: Paper. To fix this, set "enable-player-collisions: true" in paper config. To keep collisions disabled, set collision to false in TAB config.
29.03.2026 - 05:53:33 - [TAB v5.5.0] Blocked attempt to add player gurusekar into team collideRule_1332 (expected team: 7gurusekarA). Source of the team: Paper. To fix this, set "enable-player-collisions: true" in paper config. To keep collisions disabled, set collision to false in TAB config.
29.03.2026 - 06:41:53 - [TAB v5.5.0] Blocked attempt to add player GladiatorOfEvb0 into team collideRule_1332 (expected team: 7GladiatorOfEvbA). Source of the team: Paper. To fix this, set "enable-player-collisions: true" in paper config. To keep collisions disabled, set collision to false in TAB config.
29.03.2026 - 07:51:53 - [TAB v5.5.0] Blocked attempt to add player Nightmare41241 into team collideRule_1307 (expected team: 7Nightmare41241A). Source of the team: Paper. To fix this, set "enable-player-collisions: true" in paper config. To keep collisions disabled, set collision to false in TAB config.
29.03.2026 - 12:07:08 - [TAB v5.5.0] Blocked attempt to add player gurusekar into team collideRule_1815 (expected team: 6gurusekarA). Source of the team: Paper. To fix this, set "enable-player-collisions: true" in paper config. To keep collisions disabled, set collision to false in TAB config.
29.03.2026 - 12:18:28 - [TAB v5.5.0] Blocked attempt to add player LouisXVII into team collideRule_1815 (expected team: 7LouisXVIIA). Source of the team: Paper. To fix this, set "enable-player-collisions: true" in paper config. To keep collisions disabled, set collision to false in TAB config.
29.03.2026 - 13:08:20 - [TAB v5.5.0] Blocked attempt to add player Nightmare41241 into team collideRule_1815 (expected team: 7Nightmare41241A). Source of the team: Paper. To fix this, set "enable-player-collisions: true" in paper config. To keep collisions disabled, set collision to false in TAB config.
29.03.2026 - 14:32:01 - [TAB v5.5.0] Blocked attempt to add player LouisXVII into team collideRule_-152 (expected team: 0LouisXVIIA). Source of the team: Paper. To fix this, set "enable-player-collisions: true" in paper config. To keep collisions disabled, set collision to false in TAB config.
29.03.2026 - 14:32:01 - [TAB v5.5.0] Blocked attempt to add player gurusekar into team collideRule_-152 (expected team: 8gurusekarA). Source of the team: Paper. To fix this, set "enable-player-collisions: true" in paper config. To keep collisions disabled, set collision to false in TAB config.
29.03.2026 - 14:58:02 - [TAB v5.5.0] Blocked attempt to add player Nightmare41241 into team collideRule_-152 (expected team: 2Nightmare41241A). Source of the team: Paper. To fix this, set "enable-player-collisions: true" in paper config. To keep collisions disabled, set collision to false in TAB config.
30.03.2026 - 10:26:15 - [TAB v5.5.0] Blocked attempt to add player gurusekar into team collideRule_-431 (expected team: 0gurusekarA). Source of the team: Paper. To fix this, set "enable-player-collisions: true" in paper config. To keep collisions disabled, set collision to false in TAB config.
30.03.2026 - 10:58:53 - [TAB v5.5.0] Blocked attempt to add player gurusekar into team collideRule_-288 (expected team: ;gurusekarA). Source of the team: Paper. To fix this, set "enable-player-collisions: true" in paper config. To keep collisions disabled, set collision to false in TAB config.
30.03.2026 - 11:00:20 - [TAB v5.5.0] Blocked attempt to add player Nightmare41241 into team collideRule_-288 (expected team: 2Nightmare41241A). Source of the team: Paper. To fix this, set "enable-player-collisions: true" in paper config. To keep collisions disabled, set collision to false in TAB config.
30.03.2026 - 14:01:43 - [TAB v5.5.0] Blocked attempt to add player LouisXVII into team collideRule_1002 (expected team: 9LouisXVIIA). Source of the team: Paper. To fix this, set "enable-player-collisions: true" in paper config. To keep collisions disabled, set collision to false in TAB config.
30.03.2026 - 14:28:59 - [TAB v5.5.0] Blocked attempt to add player gurusekar into team collideRule_-211 (expected team: ;gurusekarA). Source of the team: Paper. To fix this, set "enable-player-collisions: true" in paper config. To keep collisions disabled, set collision to false in TAB config.
30.03.2026 - 14:29:49 - [TAB v5.5.0] Blocked attempt to add player LouisXVII into team collideRule_-211 (expected team: ;LouisXVIIA). Source of the team: Paper. To fix this, set "enable-player-collisions: true" in paper config. To keep collisions disabled, set collision to false in TAB config.
30.03.2026 - 15:15:27 - [TAB v5.5.0] Blocked attempt to add player gurusekar into team collideRule_-124 (expected team: 5gurusekarA). Source of the team: Paper. To fix this, set "enable-player-collisions: true" in paper config. To keep collisions disabled, set collision to false in TAB config.
31.03.2026 - 02:24:57 - [TAB v5.5.0] Blocked attempt to add player AnthonyStarr into team collideRule_-997 (expected team: :AnthonyStarrA). Source of the team: Paper. To fix this, set "enable-player-collisions: true" in paper config. To keep collisions disabled, set collision to false in TAB config.
31.03.2026 - 02:26:44 - [TAB v5.5.0] Blocked attempt to add player OutlawCoin17912 into team collideRule_-997 (expected team: :OutlawCoin1791A). Source of the team: Paper. To fix this, set "enable-player-collisions: true" in paper config. To keep collisions disabled, set collision to false in TAB config.
31.03.2026 - 03:03:13 - [TAB v5.5.0] Blocked attempt to add player OutlawCoin17912 into team collideRule_-281 (expected team: 8OutlawCoin1791A). Source of the team: Paper. To fix this, set "enable-player-collisions: true" in paper config. To keep collisions disabled, set collision to false in TAB config.
31.03.2026 - 03:03:20 - [TAB v5.5.0] Blocked attempt to add player AnthonyStarr into team collideRule_-281 (expected team: 2AnthonyStarrA). Source of the team: Paper. To fix this, set "enable-player-collisions: true" in paper config. To keep collisions disabled, set collision to false in TAB config.
31.03.2026 - 03:04:06 - [TAB v5.5.0] Blocked attempt to add player gurusekar into team collideRule_-281 (expected team: 5gurusekarA). Source of the team: Paper. To fix this, set "enable-player-collisions: true" in paper config. To keep collisions disabled, set collision to false in TAB config.
31.03.2026 - 04:08:32 - [TAB v5.5.0] Blocked attempt to add player gurusekar into team collideRule_-157 (expected team: 0gurusekarA). Source of the team: Paper. To fix this, set "enable-player-collisions: true" in paper config. To keep collisions disabled, set collision to false in TAB config.
31.03.2026 - 10:10:35 - [TAB v5.5.0] Blocked attempt to add player gurusekar into team collideRule_-316 (expected team: 3gurusekarA). Source of the team: Paper. To fix this, set "enable-player-collisions: true" in paper config. To keep collisions disabled, set collision to false in TAB config.
31.03.2026 - 10:16:31 - [TAB v5.5.0] Blocked attempt to add player AnthonyStarr into team collideRule_-316 (expected team: ;AnthonyStarrA). Source of the team: Paper. To fix this, set "enable-player-collisions: true" in paper config. To keep collisions disabled, set collision to false in TAB config.
31.03.2026 - 10:57:11 - [TAB v5.5.0] Blocked attempt to add player ddspeedyfox into team collideRule_-316 (expected team: :ddspeedyfoxA). Source of the team: Paper. To fix this, set "enable-player-collisions: true" in paper config. To keep collisions disabled, set collision to false in TAB config.
31.03.2026 - 11:45:58 - [TAB v5.5.0] Blocked attempt to add player Nightmare41241 into team collideRule_-316 (expected team: 2Nightmare41241A). Source of the team: Paper. To fix this, set "enable-player-collisions: true" in paper config. To keep collisions disabled, set collision to false in TAB config.
31.03.2026 - 13:20:37 - [TAB v5.5.0] Blocked attempt to add player gurusekar into team collideRule_-373 (expected team: 0gurusekarA). Source of the team: Paper. To fix this, set "enable-player-collisions: true" in paper config. To keep collisions disabled, set collision to false in TAB config.
31.03.2026 - 13:45:10 - [TAB v5.5.0] Blocked attempt to add player AnthonyStarr into team collideRule_-373 (expected team: 0AnthonyStarrA). Source of the team: Paper. To fix this, set "enable-player-collisions: true" in paper config. To keep collisions disabled, set collision to false in TAB config.
31.03.2026 - 14:27:04 - [TAB v5.5.0] Blocked attempt to add player doobadoobadoo into team collideRule_-373 (expected team: :doobadoobadooA). Source of the team: Paper. To fix this, set "enable-player-collisions: true" in paper config. To keep collisions disabled, set collision to false in TAB config.
31.03.2026 - 14:42:25 - [TAB v5.5.0] Blocked attempt to add player LouisXVII into team collideRule_-373 (expected team: 5LouisXVIIA). Source of the team: Paper. To fix this, set "enable-player-collisions: true" in paper config. To keep collisions disabled, set collision to false in TAB config.
01.04.2026 - 14:47:36 - [TAB v5.5.0] Blocked attempt to add player gurusekar into team collideRule_4985 (expected team: 0gurusekarA). Source of the team: Paper. To fix this, set "enable-player-collisions: true" in paper config. To keep collisions disabled, set collision to false in TAB config.
01.04.2026 - 14:49:56 - [TAB v5.5.0] Blocked attempt to add player UnrealMc_ into team collideRule_4985 (expected team: :UnrealMc_A). Source of the team: Paper. To fix this, set "enable-player-collisions: true" in paper config. To keep collisions disabled, set collision to false in TAB config.
01.04.2026 - 14:52:07 - [TAB v5.5.0] Blocked attempt to add player Nightmare41241 into team collideRule_4985 (expected team: 2Nightmare41241A). Source of the team: Paper. To fix this, set "enable-player-collisions: true" in paper config. To keep collisions disabled, set collision to false in TAB config.
02.04.2026 - 09:58:32 - [TAB v5.5.0] Blocked attempt to add player gurusekar into team collideRule_-310 (expected team: 9gurusekarA). Source of the team: Paper. To fix this, set "enable-player-collisions: true" in paper config. To keep collisions disabled, set collision to false in TAB config.
02.04.2026 - 10:14:39 - [TAB v5.5.0] Blocked attempt to add player AnthonyStarr into team collideRule_-310 (expected team: 0AnthonyStarrA). Source of the team: Paper. To fix this, set "enable-player-collisions: true" in paper config. To keep collisions disabled, set collision to false in TAB config.
02.04.2026 - 11:40:05 - [TAB v5.5.0] Blocked attempt to add player LouisXVII into team collideRule_-310 (expected team: 7LouisXVIIA). Source of the team: Paper. To fix this, set "enable-player-collisions: true" in paper config. To keep collisions disabled, set collision to false in TAB config.
02.04.2026 - 11:41:10 - [TAB v5.5.0] Blocked attempt to add player UnrealMc_ into team collideRule_-310 (expected team: <UnrealMc_A). Source of the team: Paper. To fix this, set "enable-player-collisions: true" in paper config. To keep collisions disabled, set collision to false in TAB config.
02.04.2026 - 11:41:30 - [TAB v5.5.0] Blocked attempt to add player CodDev into team collideRule_-310 (expected team: ;CodDevA). Source of the team: Paper. To fix this, set "enable-player-collisions: true" in paper config. To keep collisions disabled, set collision to false in TAB config.
02.04.2026 - 11:41:31 - [TAB v5.5.0] Blocked attempt to add player sztu10 into team collideRule_-310 (expected team: ;sztu10A). Source of the team: Paper. To fix this, set "enable-player-collisions: true" in paper config. To keep collisions disabled, set collision to false in TAB config.
02.04.2026 - 11:47:40 - [TAB v5.5.0] Blocked attempt to add player Dream11leo into team collideRule_-310 (expected team: ;Dream11leoA). Source of the team: Paper. To fix this, set "enable-player-collisions: true" in paper config. To keep collisions disabled, set collision to false in TAB config.
02.04.2026 - 11:54:50 - [TAB v5.5.0] Blocked attempt to add player Dream243447 into team collideRule_-310 (expected team: 4Dream243447A). Source of the team: Paper. To fix this, set "enable-player-collisions: true" in paper config. To keep collisions disabled, set collision to false in TAB config.
02.04.2026 - 11:55:13 - [TAB v5.5.0] Blocked attempt to add player Xzed_ into team collideRule_-310 (expected team: ;Xzed_A). Source of the team: Paper. To fix this, set "enable-player-collisions: true" in paper config. To keep collisions disabled, set collision to false in TAB config.
02.04.2026 - 12:00:30 - [TAB v5.5.0] Blocked attempt to add player ddspeedyfox into team collideRule_-310 (expected team: 8ddspeedyfoxA). Source of the team: Paper. To fix this, set "enable-player-collisions: true" in paper config. To keep collisions disabled, set collision to false in TAB config.
02.04.2026 - 12:00:30 - [TAB v5.5.0] Blocked attempt to add player ddspeedyfox into team collideRule_-310 (expected team: 8ddspeedyfoxA). Source of the team: Paper. To fix this, set "enable-player-collisions: true" in paper config. To keep collisions disabled, set collision to false in TAB config.
02.04.2026 - 12:01:34 - [TAB v5.5.0] Blocked attempt to add player peingno into team collideRule_-310 (expected team: ;peingnoA). Source of the team: Paper. To fix this, set "enable-player-collisions: true" in paper config. To keep collisions disabled, set collision to false in TAB config.
02.04.2026 - 12:04:09 - [TAB v5.5.0] Blocked attempt to add player YTUPE into team collideRule_-310 (expected team: ;YTUPEA). Source of the team: Paper. To fix this, set "enable-player-collisions: true" in paper config. To keep collisions disabled, set collision to false in TAB config.
02.04.2026 - 12:05:48 - [TAB v5.5.0] Blocked attempt to add player Fallbs into team collideRule_-310 (expected team: ;FallbsA). Source of the team: Paper. To fix this, set "enable-player-collisions: true" in paper config. To keep collisions disabled, set collision to false in TAB config.
02.04.2026 - 12:09:50 - [TAB v5.5.0] Blocked attempt to add player Nightmare41241 into team collideRule_-310 (expected team: 8Nightmare41241A). Source of the team: Paper. To fix this, set "enable-player-collisions: true" in paper config. To keep collisions disabled, set collision to false in TAB config.
02.04.2026 - 12:17:28 - [TAB v5.5.0] Blocked attempt to add player LouisXVII into team collideRule_-215 (expected team: 3LouisXVIIA). Source of the team: Paper. To fix this, set "enable-player-collisions: true" in paper config. To keep collisions disabled, set collision to false in TAB config.
02.04.2026 - 12:17:28 - [TAB v5.5.0] Blocked attempt to add player Nightmare41241 into team collideRule_-215 (expected team: <Nightmare41241A). Source of the team: Paper. To fix this, set "enable-player-collisions: true" in paper config. To keep collisions disabled, set collision to false in TAB config.
02.04.2026 - 12:17:28 - [TAB v5.5.0] Blocked attempt to add player UnrealMc_ into team collideRule_-215 (expected team: 2UnrealMc_A). Source of the team: Paper. To fix this, set "enable-player-collisions: true" in paper config. To keep collisions disabled, set collision to false in TAB config.
02.04.2026 - 12:17:37 - [TAB v5.5.0] Blocked attempt to add player Dream243447 into team collideRule_-215 (expected team: 4Dream243447A). Source of the team: Paper. To fix this, set "enable-player-collisions: true" in paper config. To keep collisions disabled, set collision to false in TAB config.
02.04.2026 - 12:17:37 - [TAB v5.5.0] Blocked attempt to add player Dream243447 into team collideRule_-215 (expected team: 4Dream243447A). Source of the team: Paper. To fix this, set "enable-player-collisions: true" in paper config. To keep collisions disabled, set collision to false in TAB config.
02.04.2026 - 12:17:39 - [TAB v5.5.0] Blocked attempt to add player gurusekar into team collideRule_-215 (expected team: 0gurusekarA). Source of the team: Paper. To fix this, set "enable-player-collisions: true" in paper config. To keep collisions disabled, set collision to false in TAB config.
02.04.2026 - 12:19:42 - [TAB v5.5.0] Blocked attempt to add player Chugo_ into team collideRule_-215 (expected team: ;Chugo_A). Source of the team: Paper. To fix this, set "enable-player-collisions: true" in paper config. To keep collisions disabled, set collision to false in TAB config.
02.04.2026 - 12:23:44 - [TAB v5.5.0] Blocked attempt to add player WildGoose3454 into team collideRule_-215 (expected team: ;WildGoose3454A). Source of the team: Paper. To fix this, set "enable-player-collisions: true" in paper config. To keep collisions disabled, set collision to false in TAB config.
02.04.2026 - 12:31:37 - [TAB v5.5.0] Blocked attempt to add player Siepeduo into team collideRule_-215 (expected team: ;SiepeduoA). Source of the team: Paper. To fix this, set "enable-player-collisions: true" in paper config. To keep collisions disabled, set collision to false in TAB config.
02.04.2026 - 12:33:02 - [TAB v5.5.0] Blocked attempt to add player Skeedy420 into team collideRule_-215 (expected team: ;Skeedy420A). Source of the team: Paper. To fix this, set "enable-player-collisions: true" in paper config. To keep collisions disabled, set collision to false in TAB config.
02.04.2026 - 12:34:00 - [TAB v5.5.0] Blocked attempt to add player ToxicSkill into team collideRule_-215 (expected team: ;ToxicSkillA). Source of the team: Paper. To fix this, set "enable-player-collisions: true" in paper config. To keep collisions disabled, set collision to false in TAB config.
02.04.2026 - 12:34:25 - [TAB v5.5.0] Blocked attempt to add player DarthMutter into team collideRule_-215 (expected team: ;DarthMutterA). Source of the team: Paper. To fix this, set "enable-player-collisions: true" in paper config. To keep collisions disabled, set collision to false in TAB config.
02.04.2026 - 12:38:43 - [TAB v5.5.0] Blocked attempt to add player hinem005 into team collideRule_-215 (expected team: ;hinem005A). Source of the team: Paper. To fix this, set "enable-player-collisions: true" in paper config. To keep collisions disabled, set collision to false in TAB config.
02.04.2026 - 12:40:31 - [TAB v5.5.0] Blocked attempt to add player efoiebg into team collideRule_-215 (expected team: ;efoiebgA). Source of the team: Paper. To fix this, set "enable-player-collisions: true" in paper config. To keep collisions disabled, set collision to false in TAB config.
02.04.2026 - 12:44:03 - [TAB v5.5.0] Blocked attempt to add player Calligraphically into team collideRule_-215 (expected team: ;CalligraphicalA). Source of the team: Paper. To fix this, set "enable-player-collisions: true" in paper config. To keep collisions disabled, set collision to false in TAB config.
02.04.2026 - 12:44:35 - [TAB v5.5.0] Blocked attempt to add player DaddyDeuss into team collideRule_-215 (expected team: ;DaddyDeussA). Source of the team: Paper. To fix this, set "enable-player-collisions: true" in paper config. To keep collisions disabled, set collision to false in TAB config.
02.04.2026 - 12:50:59 - [TAB v5.5.0] Blocked attempt to add player SgtLouis into team collideRule_-215 (expected team: ;SgtLouisA). Source of the team: Paper. To fix this, set "enable-player-collisions: true" in paper config. To keep collisions disabled, set collision to false in TAB config.
02.04.2026 - 12:51:32 - [TAB v5.5.0] Blocked attempt to add player AlbertoDeepMind into team collideRule_-215 (expected team: ;AlbertoDeepMinA). Source of the team: Paper. To fix this, set "enable-player-collisions: true" in paper config. To keep collisions disabled, set collision to false in TAB config.
02.04.2026 - 12:52:42 - [TAB v5.5.0] Blocked attempt to add player seconq into team collideRule_-215 (expected team: ;seconqA). Source of the team: Paper. To fix this, set "enable-player-collisions: true" in paper config. To keep collisions disabled, set collision to false in TAB config.
02.04.2026 - 12:53:58 - [TAB v5.5.0] Blocked attempt to add player Chambers998 into team collideRule_-215 (expected team: ;Chambers998A). Source of the team: Paper. To fix this, set "enable-player-collisions: true" in paper config. To keep collisions disabled, set collision to false in TAB config.
02.04.2026 - 13:05:25 - [TAB v5.5.0] Blocked attempt to add player Marloww_Cheater into team collideRule_-215 (expected team: ;Marloww_CheateA). Source of the team: Paper. To fix this, set "enable-player-collisions: true" in paper config. To keep collisions disabled, set collision to false in TAB config.
02.04.2026 - 13:05:35 - [TAB v5.5.0] Blocked attempt to add player .FamedSquid5661 into team collideRule_-215 (expected team: ;.FamedSquid566A). Source of the team: Paper. To fix this, set "enable-player-collisions: true" in paper config. To keep collisions disabled, set collision to false in TAB config.
02.04.2026 - 13:09:01 - [TAB v5.5.0] Blocked attempt to add player sfdsesktop into team collideRule_-215 (expected team: ;sfdsesktopA). Source of the team: Paper. To fix this, set "enable-player-collisions: true" in paper config. To keep collisions disabled, set collision to false in TAB config.
02.04.2026 - 13:09:01 - [TAB v5.5.0] Blocked attempt to add player piko_moo into team collideRule_-215 (expected team: ;piko_mooA). Source of the team: Paper. To fix this, set "enable-player-collisions: true" in paper config. To keep collisions disabled, set collision to false in TAB config.
02.04.2026 - 13:28:24 - [TAB v5.5.0] Blocked attempt to add player sztu10 into team collideRule_-215 (expected team: 9sztu10A). Source of the team: Paper. To fix this, set "enable-player-collisions: true" in paper config. To keep collisions disabled, set collision to false in TAB config.
02.04.2026 - 13:33:31 - [TAB v5.5.0] Blocked attempt to add player CLOV4R0 into team collideRule_-215 (expected team: ;CLOV4R0A). Source of the team: Paper. To fix this, set "enable-player-collisions: true" in paper config. To keep collisions disabled, set collision to false in TAB config.
02.04.2026 - 13:33:31 - [TAB v5.5.0] Blocked attempt to add player CLOV4R0 into team collideRule_-215 (expected team: ;CLOV4R0A). Source of the team: Paper. To fix this, set "enable-player-collisions: true" in paper config. To keep collisions disabled, set collision to false in TAB config.
02.04.2026 - 13:35:49 - [TAB v5.5.0] Blocked attempt to add player chainz_max1mka into team collideRule_-215 (expected team: ;chainz_max1mkaA). Source of the team: Paper. To fix this, set "enable-player-collisions: true" in paper config. To keep collisions disabled, set collision to false in TAB config.
02.04.2026 - 13:38:50 - [TAB v5.5.0] Blocked attempt to add player PaisleyDig into team collideRule_-215 (expected team: ;PaisleyDigA). Source of the team: Paper. To fix this, set "enable-player-collisions: true" in paper config. To keep collisions disabled, set collision to false in TAB config.
02.04.2026 - 13:50:57 - [TAB v5.5.0] Blocked attempt to add player _Te3m1nat0r_ into team collideRule_-215 (expected team: ;_Te3m1nat0r_A). Source of the team: Paper. To fix this, set "enable-player-collisions: true" in paper config. To keep collisions disabled, set collision to false in TAB config.
02.04.2026 - 13:55:22 - [TAB v5.5.0] Blocked attempt to add player Adilsonic into team collideRule_-215 (expected team: ;AdilsonicA). Source of the team: Paper. To fix this, set "enable-player-collisions: true" in paper config. To keep collisions disabled, set collision to false in TAB config.
02.04.2026 - 13:59:48 - [TAB v5.5.0] Blocked attempt to add player Ender_Slime49 into team collideRule_-215 (expected team: ;Ender_Slime49A). Source of the team: Paper. To fix this, set "enable-player-collisions: true" in paper config. To keep collisions disabled, set collision to false in TAB config.
02.04.2026 - 14:04:57 - [TAB v5.5.0] Blocked attempt to add player Fr1skyx into team collideRule_-215 (expected team: ;Fr1skyxA). Source of the team: Paper. To fix this, set "enable-player-collisions: true" in paper config. To keep collisions disabled, set collision to false in TAB config.
02.04.2026 - 14:09:04 - [TAB v5.5.0] Blocked attempt to add player Ratpetrol into team collideRule_-215 (expected team: ;RatpetrolA). Source of the team: Paper. To fix this, set "enable-player-collisions: true" in paper config. To keep collisions disabled, set collision to false in TAB config.
02.04.2026 - 14:09:36 - [TAB v5.5.0] Blocked attempt to add player roadblocker into team collideRule_-215 (expected team: ;roadblockerA). Source of the team: Paper. To fix this, set "enable-player-collisions: true" in paper config. To keep collisions disabled, set collision to false in TAB config.
02.04.2026 - 14:14:34 - [TAB v5.5.0] Blocked attempt to add player .CostBubble91016 into team collideRule_-215 (expected team: ;.CostBubble910A). Source of the team: Paper. To fix this, set "enable-player-collisions: true" in paper config. To keep collisions disabled, set collision to false in TAB config.
02.04.2026 - 14:14:59 - [TAB v5.5.0] Blocked attempt to add player FxllxnKnxght into team collideRule_-215 (expected team: ;FxllxnKnxghtA). Source of the team: Paper. To fix this, set "enable-player-collisions: true" in paper config. To keep collisions disabled, set collision to false in TAB config.
02.04.2026 - 14:16:03 - [TAB v5.5.0] Blocked attempt to add player JustiTrying into team collideRule_-215 (expected team: ;JustiTryingA). Source of the team: Paper. To fix this, set "enable-player-collisions: true" in paper config. To keep collisions disabled, set collision to false in TAB config.
02.04.2026 - 14:23:27 - [TAB v5.5.0] Blocked attempt to add player Atomosity into team collideRule_-215 (expected team: ;AtomosityA). Source of the team: Paper. To fix this, set "enable-player-collisions: true" in paper config. To keep collisions disabled, set collision to false in TAB config.
02.04.2026 - 14:51:24 - [TAB v5.5.0] Blocked attempt to add player Iamrandomz into team collideRule_-215 (expected team: ;IamrandomzA). Source of the team: Paper. To fix this, set "enable-player-collisions: true" in paper config. To keep collisions disabled, set collision to false in TAB config.
02.04.2026 - 14:52:10 - [TAB v5.5.0] Blocked attempt to add player karlio010 into team collideRule_-215 (expected team: ;karlio010A). Source of the team: Paper. To fix this, set "enable-player-collisions: true" in paper config. To keep collisions disabled, set collision to false in TAB config.
02.04.2026 - 14:53:19 - [TAB v5.5.0] Blocked attempt to add player KennoGHG into team collideRule_-215 (expected team: ;KennoGHGA). Source of the team: Paper. To fix this, set "enable-player-collisions: true" in paper config. To keep collisions disabled, set collision to false in TAB config.
02.04.2026 - 14:55:48 - [TAB v5.5.0] Blocked attempt to add player Timmy493 into team collideRule_-215 (expected team: ;Timmy493A). Source of the team: Paper. To fix this, set "enable-player-collisions: true" in paper config. To keep collisions disabled, set collision to false in TAB config.
02.04.2026 - 14:59:56 - [TAB v5.5.0] Blocked attempt to add player Yazoon4321 into team collideRule_-215 (expected team: ;Yazoon4321A). Source of the team: Paper. To fix this, set "enable-player-collisions: true" in paper config. To keep collisions disabled, set collision to false in TAB config.
02.04.2026 - 15:05:51 - [TAB v5.5.0] Blocked attempt to add player Jocoko222 into team collideRule_-215 (expected team: ;Jocoko222A). Source of the team: Paper. To fix this, set "enable-player-collisions: true" in paper config. To keep collisions disabled, set collision to false in TAB config.
02.04.2026 - 15:09:30 - [TAB v5.5.0] Blocked attempt to add player godzilla666440 into team collideRule_-215 (expected team: ;godzilla666440A). Source of the team: Paper. To fix this, set "enable-player-collisions: true" in paper config. To keep collisions disabled, set collision to false in TAB config.
02.04.2026 - 15:09:47 - [TAB v5.5.0] Blocked attempt to add player yeonatan2020 into team collideRule_-215 (expected team: ;yeonatan2020A). Source of the team: Paper. To fix this, set "enable-player-collisions: true" in paper config. To keep collisions disabled, set collision to false in TAB config.
02.04.2026 - 15:13:43 - [TAB v5.5.0] Blocked attempt to add player pookigirl into team collideRule_-215 (expected team: ;pookigirlA). Source of the team: Paper. To fix this, set "enable-player-collisions: true" in paper config. To keep collisions disabled, set collision to false in TAB config.
02.04.2026 - 15:20:40 - [TAB v5.5.0] Blocked attempt to add player ddspeedyfox into team collideRule_-215 (expected team: <ddspeedyfoxA). Source of the team: Paper. To fix this, set "enable-player-collisions: true" in paper config. To keep collisions disabled, set collision to false in TAB config.
02.04.2026 - 15:22:31 - [TAB v5.5.0] Blocked attempt to add player ItzLeo310 into team collideRule_-215 (expected team: ;ItzLeo310A). Source of the team: Paper. To fix this, set "enable-player-collisions: true" in paper config. To keep collisions disabled, set collision to false in TAB config.
02.04.2026 - 15:25:19 - [TAB v5.5.0] Blocked attempt to add player Necro_Prince into team collideRule_-215 (expected team: ;Necro_PrinceA). Source of the team: Paper. To fix this, set "enable-player-collisions: true" in paper config. To keep collisions disabled, set collision to false in TAB config.
02.04.2026 - 15:29:55 - [TAB v5.5.0] Blocked attempt to add player .Leo97965 into team collideRule_-215 (expected team: ;.Leo97965A). Source of the team: Paper. To fix this, set "enable-player-collisions: true" in paper config. To keep collisions disabled, set collision to false in TAB config.
02.04.2026 - 15:30:06 - [TAB v5.5.0] Blocked attempt to add player SennMc_ into team collideRule_-215 (expected team: ;SennMc_A). Source of the team: Paper. To fix this, set "enable-player-collisions: true" in paper config. To keep collisions disabled, set collision to false in TAB config.
02.04.2026 - 15:30:49 - [TAB v5.5.0] Blocked attempt to add player blastingcone190 into team collideRule_-215 (expected team: ;blastingcone19A). Source of the team: Paper. To fix this, set "enable-player-collisions: true" in paper config. To keep collisions disabled, set collision to false in TAB config.
02.04.2026 - 15:35:28 - [TAB v5.5.0] Blocked attempt to add player Sondre2212 into team collideRule_-215 (expected team: ;Sondre2212A). Source of the team: Paper. To fix this, set "enable-player-collisions: true" in paper config. To keep collisions disabled, set collision to false in TAB config.
02.04.2026 - 15:35:57 - [TAB v5.5.0] Blocked attempt to add player WardieX2IsDumd into team collideRule_-215 (expected team: ;WardieX2IsDumdA). Source of the team: Paper. To fix this, set "enable-player-collisions: true" in paper config. To keep collisions disabled, set collision to false in TAB config.
02.04.2026 - 15:36:20 - [TAB v5.5.0] Blocked attempt to add player LittleCrafterKJ into team collideRule_-215 (expected team: ;LittleCrafterKA). Source of the team: Paper. To fix this, set "enable-player-collisions: true" in paper config. To keep collisions disabled, set collision to false in TAB config.
02.04.2026 - 15:38:21 - [TAB v5.5.0] Blocked attempt to add player Frugas into team collideRule_-215 (expected team: ;FrugasA). Source of the team: Paper. To fix this, set "enable-player-collisions: true" in paper config. To keep collisions disabled, set collision to false in TAB config.
02.04.2026 - 15:48:23 - [TAB v5.5.0] Blocked attempt to add player vanyx_X into team collideRule_-215 (expected team: ;vanyx_XA). Source of the team: Paper. To fix this, set "enable-player-collisions: true" in paper config. To keep collisions disabled, set collision to false in TAB config.
02.04.2026 - 15:57:56 - [TAB v5.5.0] Blocked attempt to add player JonathanG999 into team collideRule_-215 (expected team: ;JonathanG999A). Source of the team: Paper. To fix this, set "enable-player-collisions: true" in paper config. To keep collisions disabled, set collision to false in TAB config.
02.04.2026 - 15:59:06 - [TAB v5.5.0] Blocked attempt to add player DonPelucho into team collideRule_-215 (expected team: ;DonPeluchoA). Source of the team: Paper. To fix this, set "enable-player-collisions: true" in paper config. To keep collisions disabled, set collision to false in TAB config.
02.04.2026 - 16:00:01 - [TAB v5.5.0] Blocked attempt to add player athluvsandwich into team collideRule_-215 (expected team: ;athluvsandwichA). Source of the team: Paper. To fix this, set "enable-player-collisions: true" in paper config. To keep collisions disabled, set collision to false in TAB config.
02.04.2026 - 16:05:17 - [TAB v5.5.0] Blocked attempt to add player HUGGYBOY into team collideRule_-215 (expected team: ;HUGGYBOYA). Source of the team: Paper. To fix this, set "enable-player-collisions: true" in paper config. To keep collisions disabled, set collision to false in TAB config.
02.04.2026 - 16:06:12 - [TAB v5.5.0] Blocked attempt to add player L0kitor into team collideRule_-215 (expected team: ;L0kitorA). Source of the team: Paper. To fix this, set "enable-player-collisions: true" in paper config. To keep collisions disabled, set collision to false in TAB config.
02.04.2026 - 16:08:57 - [TAB v5.5.0] Blocked attempt to add player Bertino9999 into team collideRule_-215 (expected team: ;Bertino9999A). Source of the team: Paper. To fix this, set "enable-player-collisions: true" in paper config. To keep collisions disabled, set collision to false in TAB config.
02.04.2026 - 16:15:33 - [TAB v5.5.0] Blocked attempt to add player CloudFaller into team collideRule_-215 (expected team: ;CloudFallerA). Source of the team: Paper. To fix this, set "enable-player-collisions: true" in paper config. To keep collisions disabled, set collision to false in TAB config.
02.04.2026 - 16:16:33 - [TAB v5.5.0] Blocked attempt to add player lynetic into team collideRule_-215 (expected team: ;lyneticA). Source of the team: Paper. To fix this, set "enable-player-collisions: true" in paper config. To keep collisions disabled, set collision to false in TAB config.
02.04.2026 - 16:17:38 - [TAB v5.5.0] Blocked attempt to add player Mrmicahboss into team collideRule_-215 (expected team: ;MrmicahbossA). Source of the team: Paper. To fix this, set "enable-player-collisions: true" in paper config. To keep collisions disabled, set collision to false in TAB config.
02.04.2026 - 16:25:06 - [TAB v5.5.0] Blocked attempt to add player HighPinggg into team collideRule_-215 (expected team: ;HighPingggA). Source of the team: Paper. To fix this, set "enable-player-collisions: true" in paper config. To keep collisions disabled, set collision to false in TAB config.
02.04.2026 - 16:25:41 - [TAB v5.5.0] Blocked attempt to add player BeeHivve into team collideRule_-215 (expected team: ;BeeHivveA). Source of the team: Paper. To fix this, set "enable-player-collisions: true" in paper config. To keep collisions disabled, set collision to false in TAB config.
02.04.2026 - 16:26:07 - [TAB v5.5.0] Blocked attempt to add player R540679309 into team collideRule_-215 (expected team: ;R540679309A). Source of the team: Paper. To fix this, set "enable-player-collisions: true" in paper config. To keep collisions disabled, set collision to false in TAB config.
02.04.2026 - 16:29:21 - [TAB v5.5.0] Blocked attempt to add player Roli_cpvp into team collideRule_-215 (expected team: ;Roli_cpvpA). Source of the team: Paper. To fix this, set "enable-player-collisions: true" in paper config. To keep collisions disabled, set collision to false in TAB config.
02.04.2026 - 16:50:29 - [TAB v5.5.0] Blocked attempt to add player _KingNoodlez into team collideRule_-215 (expected team: ;_KingNoodlezA). Source of the team: Paper. To fix this, set "enable-player-collisions: true" in paper config. To keep collisions disabled, set collision to false in TAB config.
02.04.2026 - 16:54:07 - [TAB v5.5.0] Blocked attempt to add player xszs into team collideRule_-215 (expected team: ;xszsA). Source of the team: Paper. To fix this, set "enable-player-collisions: true" in paper config. To keep collisions disabled, set collision to false in TAB config.
02.04.2026 - 16:58:32 - [TAB v5.5.0] Blocked attempt to add player erttzi2010 into team collideRule_-215 (expected team: ;erttzi2010A). Source of the team: Paper. To fix this, set "enable-player-collisions: true" in paper config. To keep collisions disabled, set collision to false in TAB config.
02.04.2026 - 16:59:55 - [TAB v5.5.0] Blocked attempt to add player M_cosine into team collideRule_-215 (expected team: ;M_cosineA). Source of the team: Paper. To fix this, set "enable-player-collisions: true" in paper config. To keep collisions disabled, set collision to false in TAB config.
02.04.2026 - 17:12:57 - [TAB v5.5.0] Blocked attempt to add player YagzanEx12 into team collideRule_-215 (expected team: ;YagzanEx12A). Source of the team: Paper. To fix this, set "enable-player-collisions: true" in paper config. To keep collisions disabled, set collision to false in TAB config.
02.04.2026 - 17:13:06 - [TAB v5.5.0] Blocked attempt to add player Pizza2HUN into team collideRule_-215 (expected team: ;Pizza2HUNA). Source of the team: Paper. To fix this, set "enable-player-collisions: true" in paper config. To keep collisions disabled, set collision to false in TAB config.
02.04.2026 - 17:15:06 - [TAB v5.5.0] Blocked attempt to add player NLkezyma into team collideRule_-215 (expected team: ;NLkezymaA). Source of the team: Paper. To fix this, set "enable-player-collisions: true" in paper config. To keep collisions disabled, set collision to false in TAB config.
02.04.2026 - 17:18:11 - [TAB v5.5.0] Blocked attempt to add player .DuckyPanda2963 into team collideRule_-215 (expected team: ;.DuckyPanda296A). Source of the team: Paper. To fix this, set "enable-player-collisions: true" in paper config. To keep collisions disabled, set collision to false in TAB config.
02.04.2026 - 17:22:56 - [TAB v5.5.0] Blocked attempt to add player ThoricBobcat199 into team collideRule_-215 (expected team: ;ThoricBobcat19A). Source of the team: Paper. To fix this, set "enable-player-collisions: true" in paper config. To keep collisions disabled, set collision to false in TAB config.
02.04.2026 - 17:33:56 - [TAB v5.5.0] Blocked attempt to add player ColdEssence into team collideRule_-215 (expected team: ;ColdEssenceA). Source of the team: Paper. To fix this, set "enable-player-collisions: true" in paper config. To keep collisions disabled, set collision to false in TAB config.
02.04.2026 - 17:35:31 - [TAB v5.5.0] Blocked attempt to add player lliushuning into team collideRule_-215 (expected team: ;lliushuningA). Source of the team: Paper. To fix this, set "enable-player-collisions: true" in paper config. To keep collisions disabled, set collision to false in TAB config.
02.04.2026 - 17:37:49 - [TAB v5.5.0] Blocked attempt to add player terzak3 into team collideRule_-215 (expected team: ;terzak3A). Source of the team: Paper. To fix this, set "enable-player-collisions: true" in paper config. To keep collisions disabled, set collision to false in TAB config.
02.04.2026 - 17:39:57 - [TAB v5.5.0] Blocked attempt to add player Xander22715 into team collideRule_-215 (expected team: ;Xander22715A). Source of the team: Paper. To fix this, set "enable-player-collisions: true" in paper config. To keep collisions disabled, set collision to false in TAB config.
02.04.2026 - 17:47:12 - [TAB v5.5.0] Blocked attempt to add player Ros into team collideRule_-215 (expected team: ;RosA). Source of the team: Paper. To fix this, set "enable-player-collisions: true" in paper config. To keep collisions disabled, set collision to false in TAB config.
02.04.2026 - 17:48:17 - [TAB v5.5.0] Blocked attempt to add player adssosigma into team collideRule_-215 (expected team: ;adssosigmaA). Source of the team: Paper. To fix this, set "enable-player-collisions: true" in paper config. To keep collisions disabled, set collision to false in TAB config.
02.04.2026 - 17:49:21 - [TAB v5.5.0] Blocked attempt to add player Josephbo into team collideRule_-215 (expected team: ;JosephboA). Source of the team: Paper. To fix this, set "enable-player-collisions: true" in paper config. To keep collisions disabled, set collision to false in TAB config.
02.04.2026 - 18:21:20 - [TAB v5.5.0] Blocked attempt to add player sztu10 into team collideRule_-688 (expected team: 9sztu10A). Source of the team: Paper. To fix this, set "enable-player-collisions: true" in paper config. To keep collisions disabled, set collision to false in TAB config.
02.04.2026 - 18:23:07 - [TAB v5.5.0] Blocked attempt to add player LashedLime into team collideRule_-688 (expected team: ;LashedLimeA). Source of the team: Paper. To fix this, set "enable-player-collisions: true" in paper config. To keep collisions disabled, set collision to false in TAB config.
02.04.2026 - 18:24:06 - [TAB v5.5.0] Blocked attempt to add player NiTro2707 into team collideRule_-688 (expected team: ;NiTro2707A). Source of the team: Paper. To fix this, set "enable-player-collisions: true" in paper config. To keep collisions disabled, set collision to false in TAB config.
02.04.2026 - 18:31:55 - [TAB v5.5.0] Blocked attempt to add player Gugab into team collideRule_-688 (expected team: ;GugabA). Source of the team: Paper. To fix this, set "enable-player-collisions: true" in paper config. To keep collisions disabled, set collision to false in TAB config.
02.04.2026 - 18:31:58 - [TAB v5.5.0] Blocked attempt to add player MOJANG_BOT_ into team collideRule_-688 (expected team: ;MOJANG_BOT_A). Source of the team: Paper. To fix this, set "enable-player-collisions: true" in paper config. To keep collisions disabled, set collision to false in TAB config.
02.04.2026 - 18:32:14 - [TAB v5.5.0] Blocked attempt to add player blobigtblock into team collideRule_-688 (expected team: ;blobigtblockA). Source of the team: Paper. To fix this, set "enable-player-collisions: true" in paper config. To keep collisions disabled, set collision to false in TAB config.
02.04.2026 - 18:34:22 - [TAB v5.5.0] Blocked attempt to add player Elpana402 into team collideRule_-688 (expected team: ;Elpana402A). Source of the team: Paper. To fix this, set "enable-player-collisions: true" in paper config. To keep collisions disabled, set collision to false in TAB config.
02.04.2026 - 18:36:46 - [TAB v5.5.0] Blocked attempt to add player cxet into team collideRule_-688 (expected team: ;cxetA). Source of the team: Paper. To fix this, set "enable-player-collisions: true" in paper config. To keep collisions disabled, set collision to false in TAB config.
02.04.2026 - 18:39:58 - [TAB v5.5.0] Blocked attempt to add player Captaincraft723 into team collideRule_-688 (expected team: ;Captaincraft72A). Source of the team: Paper. To fix this, set "enable-player-collisions: true" in paper config. To keep collisions disabled, set collision to false in TAB config.
02.04.2026 - 18:41:13 - [TAB v5.5.0] Blocked attempt to add player waterlemon145 into team collideRule_-688 (expected team: ;waterlemon145A). Source of the team: Paper. To fix this, set "enable-player-collisions: true" in paper config. To keep collisions disabled, set collision to false in TAB config.
02.04.2026 - 18:43:15 - [TAB v5.5.0] Blocked attempt to add player Huggywuggy2313 into team collideRule_-688 (expected team: ;Huggywuggy2313A). Source of the team: Paper. To fix this, set "enable-player-collisions: true" in paper config. To keep collisions disabled, set collision to false in TAB config.
02.04.2026 - 18:48:24 - [TAB v5.5.0] Blocked attempt to add player Lilliid2 into team collideRule_-688 (expected team: ;Lilliid2A). Source of the team: Paper. To fix this, set "enable-player-collisions: true" in paper config. To keep collisions disabled, set collision to false in TAB config.
02.04.2026 - 21:26:15 - [TAB v5.5.0] Blocked attempt to add player sztu10 into team collideRule_4276 (expected team: 8sztu10A). Source of the team: Paper. To fix this, set "enable-player-collisions: true" in paper config. To keep collisions disabled, set collision to false in TAB config.
02.04.2026 - 21:26:54 - [TAB v5.5.0] Blocked attempt to add player Mrmicahboss into team collideRule_4276 (expected team: <MrmicahbossA). Source of the team: Paper. To fix this, set "enable-player-collisions: true" in paper config. To keep collisions disabled, set collision to false in TAB config.
02.04.2026 - 21:31:32 - [TAB v5.5.0] Blocked attempt to add player Shabby885 into team collideRule_4276 (expected team: ;Shabby885A). Source of the team: Paper. To fix this, set "enable-player-collisions: true" in paper config. To keep collisions disabled, set collision to false in TAB config.
02.04.2026 - 21:43:37 - [TAB v5.5.0] Blocked attempt to add player thes3019 into team collideRule_4276 (expected team: ;thes3019A). Source of the team: Paper. To fix this, set "enable-player-collisions: true" in paper config. To keep collisions disabled, set collision to false in TAB config.
02.04.2026 - 21:46:26 - [TAB v5.5.0] Blocked attempt to add player MOJANG_BOT_ into team collideRule_4276 (expected team: 9MOJANG_BOT_A). Source of the team: Paper. To fix this, set "enable-player-collisions: true" in paper config. To keep collisions disabled, set collision to false in TAB config.
02.04.2026 - 21:56:14 - [TAB v5.5.0] Blocked attempt to add player x50k into team collideRule_4276 (expected team: ;x50kA). Source of the team: Paper. To fix this, set "enable-player-collisions: true" in paper config. To keep collisions disabled, set collision to false in TAB config.
02.04.2026 - 21:57:52 - [TAB v5.5.0] Blocked attempt to add player ChiefJoeJoe2015 into team collideRule_4276 (expected team: ;ChiefJoeJoe201A). Source of the team: Paper. To fix this, set "enable-player-collisions: true" in paper config. To keep collisions disabled, set collision to false in TAB config.
02.04.2026 - 21:57:56 - [TAB v5.5.0] Blocked attempt to add player minecrraft6622 into team collideRule_4276 (expected team: ;minecrraft6622A). Source of the team: Paper. To fix this, set "enable-player-collisions: true" in paper config. To keep collisions disabled, set collision to false in TAB config.
02.04.2026 - 21:58:23 - [TAB v5.5.0] Blocked attempt to add player spacebarx6 into team collideRule_4276 (expected team: ;spacebarx6A). Source of the team: Paper. To fix this, set "enable-player-collisions: true" in paper config. To keep collisions disabled, set collision to false in TAB config.
02.04.2026 - 21:58:43 - [TAB v5.5.0] Blocked attempt to add player Traceix into team collideRule_4276 (expected team: ;TraceixA). Source of the team: Paper. To fix this, set "enable-player-collisions: true" in paper config. To keep collisions disabled, set collision to false in TAB config.
02.04.2026 - 21:58:43 - [TAB v5.5.0] Blocked attempt to add player Traceix into team collideRule_4276 (expected team: ;TraceixA). Source of the team: Paper. To fix this, set "enable-player-collisions: true" in paper config. To keep collisions disabled, set collision to false in TAB config.
02.04.2026 - 22:08:01 - [TAB v5.5.0] Blocked attempt to add player AENewt002 into team collideRule_4276 (expected team: ;AENewt002A). Source of the team: Paper. To fix this, set "enable-player-collisions: true" in paper config. To keep collisions disabled, set collision to false in TAB config.
02.04.2026 - 22:11:04 - [TAB v5.5.0] Blocked attempt to add player Tobiisright into team collideRule_4276 (expected team: ;TobiisrightA). Source of the team: Paper. To fix this, set "enable-player-collisions: true" in paper config. To keep collisions disabled, set collision to false in TAB config.
02.04.2026 - 22:24:18 - [TAB v5.5.0] Blocked attempt to add player ZombieLoke into team collideRule_4276 (expected team: ;ZombieLokeA). Source of the team: Paper. To fix this, set "enable-player-collisions: true" in paper config. To keep collisions disabled, set collision to false in TAB config.
02.04.2026 - 22:29:38 - [TAB v5.5.0] Blocked attempt to add player _Celess into team collideRule_4276 (expected team: ;_CelessA). Source of the team: Paper. To fix this, set "enable-player-collisions: true" in paper config. To keep collisions disabled, set collision to false in TAB config.
02.04.2026 - 22:33:53 - [TAB v5.5.0] Blocked attempt to add player briarthefox into team collideRule_4276 (expected team: ;briarthefoxA). Source of the team: Paper. To fix this, set "enable-player-collisions: true" in paper config. To keep collisions disabled, set collision to false in TAB config.
02.04.2026 - 22:39:34 - [TAB v5.5.0] Blocked attempt to add player blueybingoluey into team collideRule_4276 (expected team: ;blueybingolueyA). Source of the team: Paper. To fix this, set "enable-player-collisions: true" in paper config. To keep collisions disabled, set collision to false in TAB config.
02.04.2026 - 22:44:43 - [TAB v5.5.0] Blocked attempt to add player Halfway_Down into team collideRule_4276 (expected team: ;Halfway_DownA). Source of the team: Paper. To fix this, set "enable-player-collisions: true" in paper config. To keep collisions disabled, set collision to false in TAB config.
02.04.2026 - 22:49:21 - [TAB v5.5.0] Blocked attempt to add player Captaincraft723 into team collideRule_4276 (expected team: <Captaincraft72A). Source of the team: Paper. To fix this, set "enable-player-collisions: true" in paper config. To keep collisions disabled, set collision to false in TAB config.
02.04.2026 - 22:51:36 - [TAB v5.5.0] Blocked attempt to add player .Benjybug into team collideRule_4276 (expected team: ;.BenjybugA). Source of the team: Paper. To fix this, set "enable-player-collisions: true" in paper config. To keep collisions disabled, set collision to false in TAB config.
02.04.2026 - 22:56:08 - [TAB v5.5.0] Blocked attempt to add player HukRay into team collideRule_4276 (expected team: ;HukRayA). Source of the team: Paper. To fix this, set "enable-player-collisions: true" in paper config. To keep collisions disabled, set collision to false in TAB config.
02.04.2026 - 23:02:38 - [TAB v5.5.0] Blocked attempt to add player HyperionDash into team collideRule_4276 (expected team: ;HyperionDashA). Source of the team: Paper. To fix this, set "enable-player-collisions: true" in paper config. To keep collisions disabled, set collision to false in TAB config.
02.04.2026 - 23:04:25 - [TAB v5.5.0] Blocked attempt to add player AlexBallin into team collideRule_4276 (expected team: ;AlexBallinA). Source of the team: Paper. To fix this, set "enable-player-collisions: true" in paper config. To keep collisions disabled, set collision to false in TAB config.
02.04.2026 - 23:05:49 - [TAB v5.5.0] Blocked attempt to add player _Zbee into team collideRule_4276 (expected team: ;_ZbeeA). Source of the team: Paper. To fix this, set "enable-player-collisions: true" in paper config. To keep collisions disabled, set collision to false in TAB config.
02.04.2026 - 23:13:15 - [TAB v5.5.0] Blocked attempt to add player coolgamer121 into team collideRule_4276 (expected team: ;coolgamer121A). Source of the team: Paper. To fix this, set "enable-player-collisions: true" in paper config. To keep collisions disabled, set collision to false in TAB config.
02.04.2026 - 23:19:17 - [TAB v5.5.0] Blocked attempt to add player Emron7 into team collideRule_4276 (expected team: ;Emron7A). Source of the team: Paper. To fix this, set "enable-player-collisions: true" in paper config. To keep collisions disabled, set collision to false in TAB config.
02.04.2026 - 23:21:02 - [TAB v5.5.0] Blocked attempt to add player asgerbro into team collideRule_4276 (expected team: ;asgerbroA). Source of the team: Paper. To fix this, set "enable-player-collisions: true" in paper config. To keep collisions disabled, set collision to false in TAB config.
02.04.2026 - 23:26:15 - [TAB v5.5.0] Blocked attempt to add player jackmds into team collideRule_4276 (expected team: ;jackmdsA). Source of the team: Paper. To fix this, set "enable-player-collisions: true" in paper config. To keep collisions disabled, set collision to false in TAB config.
02.04.2026 - 23:28:46 - [TAB v5.5.0] Blocked attempt to add player kingalex0229 into team collideRule_4276 (expected team: ;kingalex0229A). Source of the team: Paper. To fix this, set "enable-player-collisions: true" in paper config. To keep collisions disabled, set collision to false in TAB config.
02.04.2026 - 23:34:41 - [TAB v5.5.0] Blocked attempt to add player IDoNotLoveMatt into team collideRule_4276 (expected team: ;IDoNotLoveMattA). Source of the team: Paper. To fix this, set "enable-player-collisions: true" in paper config. To keep collisions disabled, set collision to false in TAB config.
02.04.2026 - 23:35:20 - [TAB v5.5.0] Blocked attempt to add player flatbench66441 into team collideRule_4276 (expected team: ;flatbench66441A). Source of the team: Paper. To fix this, set "enable-player-collisions: true" in paper config. To keep collisions disabled, set collision to false in TAB config.
02.04.2026 - 23:37:47 - [TAB v5.5.0] Blocked attempt to add player CharEHHHsard into team collideRule_4276 (expected team: ;CharEHHHsardA). Source of the team: Paper. To fix this, set "enable-player-collisions: true" in paper config. To keep collisions disabled, set collision to false in TAB config.
02.04.2026 - 23:41:21 - [TAB v5.5.0] Blocked attempt to add player DxrknessShadow into team collideRule_4276 (expected team: ;DxrknessShadowA). Source of the team: Paper. To fix this, set "enable-player-collisions: true" in paper config. To keep collisions disabled, set collision to false in TAB config.
02.04.2026 - 23:45:12 - [TAB v5.5.0] Blocked attempt to add player ztqek into team collideRule_4276 (expected team: ;ztqekA). Source of the team: Paper. To fix this, set "enable-player-collisions: true" in paper config. To keep collisions disabled, set collision to false in TAB config.
02.04.2026 - 23:50:27 - [TAB v5.5.0] Blocked attempt to add player Xi_c3o into team collideRule_4276 (expected team: ;Xi_c3oA). Source of the team: Paper. To fix this, set "enable-player-collisions: true" in paper config. To keep collisions disabled, set collision to false in TAB config.
03.04.2026 - 00:04:08 - [TAB v5.5.0] Blocked attempt to add player Nightmare41241 into team collideRule_4276 (expected team: 2Nightmare41241A). Source of the team: Paper. To fix this, set "enable-player-collisions: true" in paper config. To keep collisions disabled, set collision to false in TAB config.
03.04.2026 - 00:06:05 - [TAB v5.5.0] Blocked attempt to add player jxhi into team collideRule_4276 (expected team: ;jxhiA). Source of the team: Paper. To fix this, set "enable-player-collisions: true" in paper config. To keep collisions disabled, set collision to false in TAB config.
03.04.2026 - 00:11:44 - [TAB v5.5.0] Blocked attempt to add player Legovila into team collideRule_4276 (expected team: ;LegovilaA). Source of the team: Paper. To fix this, set "enable-player-collisions: true" in paper config. To keep collisions disabled, set collision to false in TAB config.
03.04.2026 - 00:12:36 - [TAB v5.5.0] Blocked attempt to add player Ottiz into team collideRule_4276 (expected team: ;OttizA). Source of the team: Paper. To fix this, set "enable-player-collisions: true" in paper config. To keep collisions disabled, set collision to false in TAB config.
03.04.2026 - 01:07:21 - [TAB v5.5.0] Blocked attempt to add player gurusekar into team collideRule_1206 (expected team: 0gurusekarA). Source of the team: Paper. To fix this, set "enable-player-collisions: true" in paper config. To keep collisions disabled, set collision to false in TAB config.
03.04.2026 - 01:09:07 - [TAB v5.5.0] Blocked attempt to add player Ixlof87 into team collideRule_1206 (expected team: ;Ixlof87A). Source of the team: Paper. To fix this, set "enable-player-collisions: true" in paper config. To keep collisions disabled, set collision to false in TAB config.
03.04.2026 - 01:12:38 - [TAB v5.5.0] Blocked attempt to add player ImmmAcoustic into team collideRule_1206 (expected team: ;ImmmAcousticA). Source of the team: Paper. To fix this, set "enable-player-collisions: true" in paper config. To keep collisions disabled, set collision to false in TAB config.
03.04.2026 - 01:12:46 - [TAB v5.5.0] Blocked attempt to add player k1ight into team collideRule_1206 (expected team: ;k1ightA). Source of the team: Paper. To fix this, set "enable-player-collisions: true" in paper config. To keep collisions disabled, set collision to false in TAB config.
03.04.2026 - 01:14:06 - [TAB v5.5.0] Blocked attempt to add player imcracked into team collideRule_1206 (expected team: ;imcrackedA). Source of the team: Paper. To fix this, set "enable-player-collisions: true" in paper config. To keep collisions disabled, set collision to false in TAB config.
03.04.2026 - 01:20:32 - [TAB v5.5.0] Blocked attempt to add player officialDarkDc into team collideRule_1206 (expected team: ;officialDarkDcA). Source of the team: Paper. To fix this, set "enable-player-collisions: true" in paper config. To keep collisions disabled, set collision to false in TAB config.
03.04.2026 - 01:22:56 - [TAB v5.5.0] Blocked attempt to add player Fred_Fr1es into team collideRule_1206 (expected team: ;Fred_Fr1esA). Source of the team: Paper. To fix this, set "enable-player-collisions: true" in paper config. To keep collisions disabled, set collision to false in TAB config.
03.04.2026 - 01:25:26 - [TAB v5.5.0] Blocked attempt to add player DUEWHARF88 into team collideRule_1206 (expected team: ;DUEWHARF88A). Source of the team: Paper. To fix this, set "enable-player-collisions: true" in paper config. To keep collisions disabled, set collision to false in TAB config.
03.04.2026 - 01:26:46 - [TAB v5.5.0] Blocked attempt to add player sparkvine into team collideRule_1206 (expected team: ;sparkvineA). Source of the team: Paper. To fix this, set "enable-player-collisions: true" in paper config. To keep collisions disabled, set collision to false in TAB config.
03.04.2026 - 01:28:55 - [TAB v5.5.0] Blocked attempt to add player yeonatan2020 into team collideRule_1206 (expected team: 9yeonatan2020A). Source of the team: Paper. To fix this, set "enable-player-collisions: true" in paper config. To keep collisions disabled, set collision to false in TAB config.
03.04.2026 - 01:39:40 - [TAB v5.5.0] Blocked attempt to add player Yaboygreg0729 into team collideRule_1206 (expected team: ;Yaboygreg0729A). Source of the team: Paper. To fix this, set "enable-player-collisions: true" in paper config. To keep collisions disabled, set collision to false in TAB config.
03.04.2026 - 01:50:34 - [TAB v5.5.0] Blocked attempt to add player Nightmare41241 into team collideRule_1206 (expected team: 2Nightmare41241A). Source of the team: Paper. To fix this, set "enable-player-collisions: true" in paper config. To keep collisions disabled, set collision to false in TAB config.
03.04.2026 - 01:50:57 - [TAB v5.5.0] Blocked attempt to add player 45bwmm into team collideRule_1206 (expected team: ;45bwmmA). Source of the team: Paper. To fix this, set "enable-player-collisions: true" in paper config. To keep collisions disabled, set collision to false in TAB config.
03.04.2026 - 01:53:08 - [TAB v5.5.0] Blocked attempt to add player faraway_is_here into team collideRule_1206 (expected team: ;faraway_is_herA). Source of the team: Paper. To fix this, set "enable-player-collisions: true" in paper config. To keep collisions disabled, set collision to false in TAB config.
03.04.2026 - 01:55:40 - [TAB v5.5.0] Blocked attempt to add player Zach_Wilson17 into team collideRule_1206 (expected team: ;Zach_Wilson17A). Source of the team: Paper. To fix this, set "enable-player-collisions: true" in paper config. To keep collisions disabled, set collision to false in TAB config.
03.04.2026 - 02:05:03 - [TAB v5.5.0] Blocked attempt to add player AnthonyStarr into team collideRule_1206 (expected team: 2AnthonyStarrA). Source of the team: Paper. To fix this, set "enable-player-collisions: true" in paper config. To keep collisions disabled, set collision to false in TAB config.
03.04.2026 - 02:07:33 - [TAB v5.5.0] Blocked attempt to add player matchugamez into team collideRule_1206 (expected team: ;matchugamezA). Source of the team: Paper. To fix this, set "enable-player-collisions: true" in paper config. To keep collisions disabled, set collision to false in TAB config.
03.04.2026 - 02:08:07 - [TAB v5.5.0] Blocked attempt to add player Willabuilder2 into team collideRule_1206 (expected team: ;Willabuilder2A). Source of the team: Paper. To fix this, set "enable-player-collisions: true" in paper config. To keep collisions disabled, set collision to false in TAB config.
03.04.2026 - 02:11:42 - [TAB v5.5.0] Blocked attempt to add player soyazel into team collideRule_1206 (expected team: ;soyazelA). Source of the team: Paper. To fix this, set "enable-player-collisions: true" in paper config. To keep collisions disabled, set collision to false in TAB config.
03.04.2026 - 02:19:42 - [TAB v5.5.0] Blocked attempt to add player Ray_Coot into team collideRule_1206 (expected team: ;Ray_CootA). Source of the team: Paper. To fix this, set "enable-player-collisions: true" in paper config. To keep collisions disabled, set collision to false in TAB config.
03.04.2026 - 02:21:18 - [TAB v5.5.0] Blocked attempt to add player Daria236 into team collideRule_1206 (expected team: ;Daria236A). Source of the team: Paper. To fix this, set "enable-player-collisions: true" in paper config. To keep collisions disabled, set collision to false in TAB config.
03.04.2026 - 02:35:24 - [TAB v5.5.0] Blocked attempt to add player ThreeDeeTime_ into team collideRule_1206 (expected team: ;ThreeDeeTime_A). Source of the team: Paper. To fix this, set "enable-player-collisions: true" in paper config. To keep collisions disabled, set collision to false in TAB config.
03.04.2026 - 03:03:07 - [TAB v5.5.0] Blocked attempt to add player michael745243 into team collideRule_1206 (expected team: ;michael745243A). Source of the team: Paper. To fix this, set "enable-player-collisions: true" in paper config. To keep collisions disabled, set collision to false in TAB config.
03.04.2026 - 03:03:15 - [TAB v5.5.0] Blocked attempt to add player DarshOnYT into team collideRule_1206 (expected team: ;DarshOnYTA). Source of the team: Paper. To fix this, set "enable-player-collisions: true" in paper config. To keep collisions disabled, set collision to false in TAB config.
03.04.2026 - 03:17:34 - [TAB v5.5.0] Blocked attempt to add player epstien_MC into team collideRule_1206 (expected team: ;epstien_MCA). Source of the team: Paper. To fix this, set "enable-player-collisions: true" in paper config. To keep collisions disabled, set collision to false in TAB config.
03.04.2026 - 03:28:03 - [TAB v5.5.0] Blocked attempt to add player Midas8731 into team collideRule_1206 (expected team: ;Midas8731A). Source of the team: Paper. To fix this, set "enable-player-collisions: true" in paper config. To keep collisions disabled, set collision to false in TAB config.
03.04.2026 - 03:28:28 - [TAB v5.5.0] Blocked attempt to add player xszs into team collideRule_1206 (expected team: <xszsA). Source of the team: Paper. To fix this, set "enable-player-collisions: true" in paper config. To keep collisions disabled, set collision to false in TAB config.
03.04.2026 - 03:28:30 - [TAB v5.5.0] Blocked attempt to add player .LightningDrae into team collideRule_1206 (expected team: ;.LightningDraeA). Source of the team: Paper. To fix this, set "enable-player-collisions: true" in paper config. To keep collisions disabled, set collision to false in TAB config.
03.04.2026 - 04:07:38 - [TAB v5.5.0] Blocked attempt to add player LouisXVII into team collideRule_1206 (expected team: 3LouisXVIIA). Source of the team: Paper. To fix this, set "enable-player-collisions: true" in paper config. To keep collisions disabled, set collision to false in TAB config.
03.04.2026 - 04:24:54 - [TAB v5.5.0] Blocked attempt to add player Siminilkh into team collideRule_1206 (expected team: ;SiminilkhA). Source of the team: Paper. To fix this, set "enable-player-collisions: true" in paper config. To keep collisions disabled, set collision to false in TAB config.
03.04.2026 - 04:30:12 - [TAB v5.5.0] Blocked attempt to add player BreeziYT into team collideRule_1206 (expected team: ;BreeziYTA). Source of the team: Paper. To fix this, set "enable-player-collisions: true" in paper config. To keep collisions disabled, set collision to false in TAB config.
03.04.2026 - 04:45:52 - [TAB v5.5.0] Blocked attempt to add player atlasuuuXXL into team collideRule_1206 (expected team: ;atlasuuuXXLA). Source of the team: Paper. To fix this, set "enable-player-collisions: true" in paper config. To keep collisions disabled, set collision to false in TAB config.
03.04.2026 - 04:47:47 - [TAB v5.5.0] Blocked attempt to add player EliPlayz333 into team collideRule_1206 (expected team: ;EliPlayz333A). Source of the team: Paper. To fix this, set "enable-player-collisions: true" in paper config. To keep collisions disabled, set collision to false in TAB config.
03.04.2026 - 04:54:34 - [TAB v5.5.0] Blocked attempt to add player ia_nub into team collideRule_1206 (expected team: ;ia_nubA). Source of the team: Paper. To fix this, set "enable-player-collisions: true" in paper config. To keep collisions disabled, set collision to false in TAB config.
03.04.2026 - 05:05:29 - [TAB v5.5.0] Blocked attempt to add player Danikszs into team collideRule_1206 (expected team: ;DanikszsA). Source of the team: Paper. To fix this, set "enable-player-collisions: true" in paper config. To keep collisions disabled, set collision to false in TAB config.
03.04.2026 - 05:06:21 - [TAB v5.5.0] Blocked attempt to add player Teeblake into team collideRule_1206 (expected team: ;TeeblakeA). Source of the team: Paper. To fix this, set "enable-player-collisions: true" in paper config. To keep collisions disabled, set collision to false in TAB config.
03.04.2026 - 05:09:03 - [TAB v5.5.0] Blocked attempt to add player RI_RIDAGOAT into team collideRule_1206 (expected team: ;RI_RIDAGOATA). Source of the team: Paper. To fix this, set "enable-player-collisions: true" in paper config. To keep collisions disabled, set collision to false in TAB config.
03.04.2026 - 05:15:08 - [TAB v5.5.0] Blocked attempt to add player kkmonroe into team collideRule_1206 (expected team: ;kkmonroeA). Source of the team: Paper. To fix this, set "enable-player-collisions: true" in paper config. To keep collisions disabled, set collision to false in TAB config.
03.04.2026 - 05:28:15 - [TAB v5.5.0] Blocked attempt to add player Parker_YT into team collideRule_1206 (expected team: ;Parker_YTA). Source of the team: Paper. To fix this, set "enable-player-collisions: true" in paper config. To keep collisions disabled, set collision to false in TAB config.
03.04.2026 - 05:38:27 - [TAB v5.5.0] Blocked attempt to add player LinhThuw into team collideRule_1206 (expected team: ;LinhThuwA). Source of the team: Paper. To fix this, set "enable-player-collisions: true" in paper config. To keep collisions disabled, set collision to false in TAB config.
03.04.2026 - 06:00:59 - [TAB v5.5.0] Blocked attempt to add player Thehelperisme into team collideRule_1206 (expected team: <ThehelperismeA). Source of the team: Paper. To fix this, set "enable-player-collisions: true" in paper config. To keep collisions disabled, set collision to false in TAB config.
03.04.2026 - 06:03:18 - [TAB v5.5.0] Blocked attempt to add player firewry into team collideRule_1206 (expected team: ;firewryA). Source of the team: Paper. To fix this, set "enable-player-collisions: true" in paper config. To keep collisions disabled, set collision to false in TAB config.
03.04.2026 - 06:08:10 - [TAB v5.5.0] Blocked attempt to add player 4b393 into team collideRule_1206 (expected team: ;4b393A). Source of the team: Paper. To fix this, set "enable-player-collisions: true" in paper config. To keep collisions disabled, set collision to false in TAB config.
03.04.2026 - 06:16:03 - [TAB v5.5.0] Blocked attempt to add player Flochyyy into team collideRule_1206 (expected team: ;FlochyyyA). Source of the team: Paper. To fix this, set "enable-player-collisions: true" in paper config. To keep collisions disabled, set collision to false in TAB config.
03.04.2026 - 06:25:49 - [TAB v5.5.0] Blocked attempt to add player IamJman into team collideRule_1206 (expected team: ;IamJmanA). Source of the team: Paper. To fix this, set "enable-player-collisions: true" in paper config. To keep collisions disabled, set collision to false in TAB config.
03.04.2026 - 06:34:36 - [TAB v5.5.0] Blocked attempt to add player LucidDragon1044 into team collideRule_1206 (expected team: ;LucidDragon104A). Source of the team: Paper. To fix this, set "enable-player-collisions: true" in paper config. To keep collisions disabled, set collision to false in TAB config.
03.04.2026 - 06:40:23 - [TAB v5.5.0] Blocked attempt to add player BoringYak4603 into team collideRule_1206 (expected team: ;BoringYak4603A). Source of the team: Paper. To fix this, set "enable-player-collisions: true" in paper config. To keep collisions disabled, set collision to false in TAB config.
03.04.2026 - 07:04:28 - [TAB v5.5.0] Blocked attempt to add player PiratThias into team collideRule_1206 (expected team: ;PiratThiasA). Source of the team: Paper. To fix this, set "enable-player-collisions: true" in paper config. To keep collisions disabled, set collision to false in TAB config.
03.04.2026 - 07:05:54 - [TAB v5.5.0] Blocked attempt to add player zwip_987 into team collideRule_1206 (expected team: ;zwip_987A). Source of the team: Paper. To fix this, set "enable-player-collisions: true" in paper config. To keep collisions disabled, set collision to false in TAB config.
03.04.2026 - 07:07:32 - [TAB v5.5.0] Blocked attempt to add player aaronspy1305 into team collideRule_1206 (expected team: ;aaronspy1305A). Source of the team: Paper. To fix this, set "enable-player-collisions: true" in paper config. To keep collisions disabled, set collision to false in TAB config.
03.04.2026 - 07:07:42 - [TAB v5.5.0] Blocked attempt to add player Grandalfwise into team collideRule_1206 (expected team: ;GrandalfwiseA). Source of the team: Paper. To fix this, set "enable-player-collisions: true" in paper config. To keep collisions disabled, set collision to false in TAB config.
03.04.2026 - 07:10:24 - [TAB v5.5.0] Blocked attempt to add player eyefi into team collideRule_1206 (expected team: ;eyefiA). Source of the team: Paper. To fix this, set "enable-player-collisions: true" in paper config. To keep collisions disabled, set collision to false in TAB config.
03.04.2026 - 07:33:26 - [TAB v5.5.0] Blocked attempt to add player A_Bear_In_A_Suit into team collideRule_1206 (expected team: ;A_Bear_In_A_SuA). Source of the team: Paper. To fix this, set "enable-player-collisions: true" in paper config. To keep collisions disabled, set collision to false in TAB config.
03.04.2026 - 07:38:45 - [TAB v5.5.0] Blocked attempt to add player SuperBro_XD_LOL into team collideRule_1206 (expected team: ;SuperBro_XD_LOA). Source of the team: Paper. To fix this, set "enable-player-collisions: true" in paper config. To keep collisions disabled, set collision to false in TAB config.
03.04.2026 - 07:47:49 - [TAB v5.5.0] Blocked attempt to add player Benben1106 into team collideRule_1206 (expected team: ;Benben1106A). Source of the team: Paper. To fix this, set "enable-player-collisions: true" in paper config. To keep collisions disabled, set collision to false in TAB config.
03.04.2026 - 07:48:32 - [TAB v5.5.0] Blocked attempt to add player PEK129 into team collideRule_1206 (expected team: ;PEK129A). Source of the team: Paper. To fix this, set "enable-player-collisions: true" in paper config. To keep collisions disabled, set collision to false in TAB config.
03.04.2026 - 07:51:04 - [TAB v5.5.0] Blocked attempt to add player Jasper_the1 into team collideRule_1206 (expected team: ;Jasper_the1A). Source of the team: Paper. To fix this, set "enable-player-collisions: true" in paper config. To keep collisions disabled, set collision to false in TAB config.
03.04.2026 - 07:52:42 - [TAB v5.5.0] Blocked attempt to add player ikketuff into team collideRule_1206 (expected team: ;ikketuffA). Source of the team: Paper. To fix this, set "enable-player-collisions: true" in paper config. To keep collisions disabled, set collision to false in TAB config.
03.04.2026 - 08:32:57 - [TAB v5.5.0] Blocked attempt to add player UnrealMc_ into team collideRule_1206 (expected team: 2UnrealMc_A). Source of the team: Paper. To fix this, set "enable-player-collisions: true" in paper config. To keep collisions disabled, set collision to false in TAB config.
03.04.2026 - 08:47:39 - [TAB v5.5.0] Blocked attempt to add player sztu10 into team collideRule_1206 (expected team: 3sztu10A). Source of the team: Paper. To fix this, set "enable-player-collisions: true" in paper config. To keep collisions disabled, set collision to false in TAB config.
03.04.2026 - 08:52:39 - [TAB v5.5.0] Blocked attempt to add player cartedbyashes into team collideRule_1206 (expected team: ;cartedbyashesA). Source of the team: Paper. To fix this, set "enable-player-collisions: true" in paper config. To keep collisions disabled, set collision to false in TAB config.
03.04.2026 - 08:54:50 - [TAB v5.5.0] Blocked attempt to add player ddspeedyfox into team collideRule_1206 (expected team: 9ddspeedyfoxA). Source of the team: Paper. To fix this, set "enable-player-collisions: true" in paper config. To keep collisions disabled, set collision to false in TAB config.
03.04.2026 - 08:56:47 - [TAB v5.5.0] Blocked attempt to add player teenzee into team collideRule_1206 (expected team: ;teenzeeA). Source of the team: Paper. To fix this, set "enable-player-collisions: true" in paper config. To keep collisions disabled, set collision to false in TAB config.
03.04.2026 - 09:06:13 - [TAB v5.5.0] Blocked attempt to add player Exp1Ffx into team collideRule_1206 (expected team: ;Exp1FfxA). Source of the team: Paper. To fix this, set "enable-player-collisions: true" in paper config. To keep collisions disabled, set collision to false in TAB config.
03.04.2026 - 09:06:50 - [TAB v5.5.0] Blocked attempt to add player AlexKv_2_ into team collideRule_1206 (expected team: ;AlexKv_2_A). Source of the team: Paper. To fix this, set "enable-player-collisions: true" in paper config. To keep collisions disabled, set collision to false in TAB config.
03.04.2026 - 09:14:45 - [TAB v5.5.0] Blocked attempt to add player frost_17_ into team collideRule_1206 (expected team: ;frost_17_A). Source of the team: Paper. To fix this, set "enable-player-collisions: true" in paper config. To keep collisions disabled, set collision to false in TAB config.
03.04.2026 - 09:16:45 - [TAB v5.5.0] Blocked attempt to add player SandKing0609 into team collideRule_1206 (expected team: ;SandKing0609A). Source of the team: Paper. To fix this, set "enable-player-collisions: true" in paper config. To keep collisions disabled, set collision to false in TAB config.
03.04.2026 - 09:16:53 - [TAB v5.5.0] Blocked attempt to add player xaexes into team collideRule_1206 (expected team: ;xaexesA). Source of the team: Paper. To fix this, set "enable-player-collisions: true" in paper config. To keep collisions disabled, set collision to false in TAB config.
03.04.2026 - 09:42:39 - [TAB v5.5.0] Blocked attempt to add player RykerStriker0 into team collideRule_1206 (expected team: ;RykerStriker0A). Source of the team: Paper. To fix this, set "enable-player-collisions: true" in paper config. To keep collisions disabled, set collision to false in TAB config.
03.04.2026 - 10:05:50 - [TAB v5.5.0] Blocked attempt to add player pioter312 into team collideRule_1206 (expected team: ;pioter312A). Source of the team: Paper. To fix this, set "enable-player-collisions: true" in paper config. To keep collisions disabled, set collision to false in TAB config.
03.04.2026 - 10:18:26 - [TAB v5.5.0] Blocked attempt to add player DefinitelyZannn into team collideRule_1206 (expected team: ;DefinitelyZannA). Source of the team: Paper. To fix this, set "enable-player-collisions: true" in paper config. To keep collisions disabled, set collision to false in TAB config.
03.04.2026 - 10:37:11 - [TAB v5.5.0] Blocked attempt to add player Nurubaboya into team collideRule_1206 (expected team: ;NurubaboyaA). Source of the team: Paper. To fix this, set "enable-player-collisions: true" in paper config. To keep collisions disabled, set collision to false in TAB config.
03.04.2026 - 10:55:22 - [TAB v5.5.0] Blocked attempt to add player earthglobes into team collideRule_1206 (expected team: ;earthglobesA). Source of the team: Paper. To fix this, set "enable-player-collisions: true" in paper config. To keep collisions disabled, set collision to false in TAB config.
03.04.2026 - 11:01:12 - [TAB v5.5.0] Blocked attempt to add player .Layling82 into team collideRule_1206 (expected team: ;.Layling82A). Source of the team: Paper. To fix this, set "enable-player-collisions: true" in paper config. To keep collisions disabled, set collision to false in TAB config.
03.04.2026 - 11:16:11 - [TAB v5.5.0] Blocked attempt to add player minecrraft6622 into team collideRule_1206 (expected team: 9minecrraft6622A). Source of the team: Paper. To fix this, set "enable-player-collisions: true" in paper config. To keep collisions disabled, set collision to false in TAB config.
03.04.2026 - 11:36:48 - [TAB v5.5.0] Blocked attempt to add player BlueDog2010 into team collideRule_1206 (expected team: ;BlueDog2010A). Source of the team: Paper. To fix this, set "enable-player-collisions: true" in paper config. To keep collisions disabled, set collision to false in TAB config.
03.04.2026 - 11:58:01 - [TAB v5.5.0] Blocked attempt to add player koridor_ into team collideRule_1206 (expected team: ;koridor_A). Source of the team: Paper. To fix this, set "enable-player-collisions: true" in paper config. To keep collisions disabled, set collision to false in TAB config.
03.04.2026 - 11:59:41 - [TAB v5.5.0] Blocked attempt to add player LittleLysol into team collideRule_1206 (expected team: ;LittleLysolA). Source of the team: Paper. To fix this, set "enable-player-collisions: true" in paper config. To keep collisions disabled, set collision to false in TAB config.
03.04.2026 - 12:04:34 - [TAB v5.5.0] Blocked attempt to add player IJzerGolem into team collideRule_1206 (expected team: ;IJzerGolemA). Source of the team: Paper. To fix this, set "enable-player-collisions: true" in paper config. To keep collisions disabled, set collision to false in TAB config.
03.04.2026 - 12:12:54 - [TAB v5.5.0] Blocked attempt to add player CashCartiAh into team collideRule_1206 (expected team: ;CashCartiAhA). Source of the team: Paper. To fix this, set "enable-player-collisions: true" in paper config. To keep collisions disabled, set collision to false in TAB config.
03.04.2026 - 12:16:45 - [TAB v5.5.0] Blocked attempt to add player Rhyxz into team collideRule_1206 (expected team: ;RhyxzA). Source of the team: Paper. To fix this, set "enable-player-collisions: true" in paper config. To keep collisions disabled, set collision to false in TAB config.
03.04.2026 - 12:18:05 - [TAB v5.5.0] Blocked attempt to add player nofurry into team collideRule_1206 (expected team: ;nofurryA). Source of the team: Paper. To fix this, set "enable-player-collisions: true" in paper config. To keep collisions disabled, set collision to false in TAB config.
03.04.2026 - 12:20:34 - [TAB v5.5.0] Blocked attempt to add player Notdanish_21 into team collideRule_1206 (expected team: ;Notdanish_21A). Source of the team: Paper. To fix this, set "enable-player-collisions: true" in paper config. To keep collisions disabled, set collision to false in TAB config.
03.04.2026 - 12:28:50 - [TAB v5.5.0] Blocked attempt to add player RedLightningBall into team collideRule_1206 (expected team: ;RedLightningBaA). Source of the team: Paper. To fix this, set "enable-player-collisions: true" in paper config. To keep collisions disabled, set collision to false in TAB config.
03.04.2026 - 12:37:33 - [TAB v5.5.0] Blocked attempt to add player AI_Jenson into team collideRule_1206 (expected team: ;AI_JensonA). Source of the team: Paper. To fix this, set "enable-player-collisions: true" in paper config. To keep collisions disabled, set collision to false in TAB config.
03.04.2026 - 12:38:05 - [TAB v5.5.0] Blocked attempt to add player Deathyz into team collideRule_1206 (expected team: ;DeathyzA). Source of the team: Paper. To fix this, set "enable-player-collisions: true" in paper config. To keep collisions disabled, set collision to false in TAB config.
03.04.2026 - 12:38:06 - [TAB v5.5.0] Blocked attempt to add player Glitchy_XD into team collideRule_1206 (expected team: ;Glitchy_XDA). Source of the team: Paper. To fix this, set "enable-player-collisions: true" in paper config. To keep collisions disabled, set collision to false in TAB config.
03.04.2026 - 12:39:47 - [TAB v5.5.0] Blocked attempt to add player StarWatcher92 into team collideRule_1206 (expected team: ;StarWatcher92A). Source of the team: Paper. To fix this, set "enable-player-collisions: true" in paper config. To keep collisions disabled, set collision to false in TAB config.
03.04.2026 - 12:40:08 - [TAB v5.5.0] Blocked attempt to add player Fragment1345 into team collideRule_1206 (expected team: ;Fragment1345A). Source of the team: Paper. To fix this, set "enable-player-collisions: true" in paper config. To keep collisions disabled, set collision to false in TAB config.
03.04.2026 - 12:40:45 - [TAB v5.5.0] Blocked attempt to add player ninjagowyatt2 into team collideRule_1206 (expected team: ;ninjagowyatt2A). Source of the team: Paper. To fix this, set "enable-player-collisions: true" in paper config. To keep collisions disabled, set collision to false in TAB config.
03.04.2026 - 12:47:57 - [TAB v5.5.0] Blocked attempt to add player PenguinPac12345 into team collideRule_1206 (expected team: ;PenguinPac1234A). Source of the team: Paper. To fix this, set "enable-player-collisions: true" in paper config. To keep collisions disabled, set collision to false in TAB config.
03.04.2026 - 13:08:00 - [TAB v5.5.0] Blocked attempt to add player RedRummyYT into team collideRule_1206 (expected team: ;RedRummyYTA). Source of the team: Paper. To fix this, set "enable-player-collisions: true" in paper config. To keep collisions disabled, set collision to false in TAB config.
03.04.2026 - 13:17:24 - [TAB v5.5.0] Blocked attempt to add player 0JeffreyEpstein0 into team collideRule_1206 (expected team: ;0JeffreyEpsteiA). Source of the team: Paper. To fix this, set "enable-player-collisions: true" in paper config. To keep collisions disabled, set collision to false in TAB config.
03.04.2026 - 13:18:43 - [TAB v5.5.0] Blocked attempt to add player ThatIcySky into team collideRule_1206 (expected team: ;ThatIcySkyA). Source of the team: Paper. To fix this, set "enable-player-collisions: true" in paper config. To keep collisions disabled, set collision to false in TAB config.
03.04.2026 - 13:19:54 - [TAB v5.5.0] Blocked attempt to add player dcgamer_mc into team collideRule_1206 (expected team: ;dcgamer_mcA). Source of the team: Paper. To fix this, set "enable-player-collisions: true" in paper config. To keep collisions disabled, set collision to false in TAB config.
03.04.2026 - 13:22:52 - [TAB v5.5.0] Blocked attempt to add player K_Dam into team collideRule_1206 (expected team: ;K_DamA). Source of the team: Paper. To fix this, set "enable-player-collisions: true" in paper config. To keep collisions disabled, set collision to false in TAB config.
03.04.2026 - 13:23:19 - [TAB v5.5.0] Blocked attempt to add player CrusaderGuardian into team collideRule_1206 (expected team: ;CrusaderGuardiA). Source of the team: Paper. To fix this, set "enable-player-collisions: true" in paper config. To keep collisions disabled, set collision to false in TAB config.
03.04.2026 - 13:31:22 - [TAB v5.5.0] Blocked attempt to add player MrP2014 into team collideRule_1206 (expected team: ;MrP2014A). Source of the team: Paper. To fix this, set "enable-player-collisions: true" in paper config. To keep collisions disabled, set collision to false in TAB config.
03.04.2026 - 13:38:14 - [TAB v5.5.0] Blocked attempt to add player Holy_Fruitbowl into team collideRule_1206 (expected team: ;Holy_FruitbowlA). Source of the team: Paper. To fix this, set "enable-player-collisions: true" in paper config. To keep collisions disabled, set collision to false in TAB config.
11.08.2026 - 06:24:26 - [TAB v5.5.0] Blocked attempt to add player Evb0Rev into team collideRule_-139 (expected team: 8Evb0RevA). Source of the team: Paper. To fix this, set "enable-player-collisions: true" in paper config. To keep collisions disabled, set collision to false in TAB config.
10.09.2026 - 21:25:36 - [TAB v5.5.0] Blocked attempt to add player gurusekar into team collideRule_9213 (expected team: :gurusekarA). Source of the team: Paper. To fix this, set "enable-player-collisions: true" in paper config. To keep collisions disabled, set collision to false in TAB config.
11.09.2026 - 20:55:16 - [TAB v5.5.0] Blocked attempt to add player gurusekar into team collideRule_1119 (expected team: 0gurusekarA). Source of the team: Paper. To fix this, set "enable-player-collisions: true" in paper config. To keep collisions disabled, set collision to false in TAB config.
11.09.2026 - 21:11:10 - [TAB v5.5.0] Blocked attempt to add player gurusekar into team collideRule_-815 (expected team: ;gurusekarA). Source of the team: Paper. To fix this, set "enable-player-collisions: true" in paper config. To keep collisions disabled, set collision to false in TAB config.
